,year,song,musician,danceability,energy,key,loudness,mode,speechiness,acousticness,instrumentalness,liveness,valence,tempo,duration_ms,time_signature,uri,track_href,analysis_url,won_award
0,1959,"""Nel blu, dipinto di blu (Volare)"" *",Domenico Modugno,0.518,0.06,10,-14.887,1,0.0441,0.987,7.87e-06,0.161,0.336,127.87,216373,4,spotify:track:006Ndmw2hHxvnLbJsBFnPx,https://api.spotify.com/v1/tracks/006Ndmw2hHxvnLbJsBFnPx,https://api.spotify.com/v1/audio-analysis/006Ndmw2hHxvnLbJsBFnPx,1
1,1959,Witchcraft,Frank Sinatra,0.481,0.242,0,-11.81,1,0.0373,0.493,0.0,0.137,0.389,116.342,173240,4,spotify:track:3BTsv0FthgmDwyKlYShwJF,https://api.spotify.com/v1/tracks/3BTsv0FthgmDwyKlYShwJF,https://api.spotify.com/v1/audio-analysis/3BTsv0FthgmDwyKlYShwJF,0
2,1959,Fever,Peggy Lee,0.838,0.171,4,-12.614,0,0.0729,0.23,0.0,0.11,0.397,135.925,199600,4,spotify:track:3aPlQWU07jGgyHaBHVS5TS,https://api.spotify.com/v1/tracks/3aPlQWU07jGgyHaBHVS5TS,https://api.spotify.com/v1/audio-analysis/3aPlQWU07jGgyHaBHVS5TS,0
3,1959,Catch a Falling Star,Perry Como,0.7,0.189,7,-15.412,1,0.0795,0.798,0.0,0.136,0.561,119.522,149093,4,spotify:track:1pBJCt9keWDrIQYu51T6py,https://api.spotify.com/v1/tracks/1pBJCt9keWDrIQYu51T6py,https://api.spotify.com/v1/audio-analysis/1pBJCt9keWDrIQYu51T6py,0
4,1960,"""The Battle of New Orleans""",Johnny Horton,0.704,0.743,9,-12.069,1,0.129,0.805,0.0,0.205,0.92,177.362,151507,4,spotify:track:66eFGhs8LXeBgrXk0YgRJK,https://api.spotify.com/v1/tracks/66eFGhs8LXeBgrXk0YgRJK,https://api.spotify.com/v1/audio-analysis/66eFGhs8LXeBgrXk0YgRJK,1
5,1960,Small World,Johnny Mathis,0.248,0.413,4,-9.095,1,0.035,0.658,0.0,0.14,0.313,113.593,200933,3,spotify:track:2DugUShG2wj81Zf51l29Je,https://api.spotify.com/v1/tracks/2DugUShG2wj81Zf51l29Je,https://api.spotify.com/v1/audio-analysis/2DugUShG2wj81Zf51l29Je,0
6,1960,Like Young,André Previn,0.539,0.442,5,-9.332,0,0.0294,0.143,0.0,0.216,0.557,125.632,192308,4,spotify:track:1zXfVG8WTha2af5F27oPnz,https://api.spotify.com/v1/tracks/1zXfVG8WTha2af5F27oPnz,https://api.spotify.com/v1/audio-analysis/1zXfVG8WTha2af5F27oPnz,0
7,1960,I Know,Perry Como,0.283,0.185,0,-12.043,1,0.0345,0.936,0.00296,0.123,0.122,111.136,184707,3,spotify:track:5HVBoRtqnH8ucSm5KFdGYG,https://api.spotify.com/v1/tracks/5HVBoRtqnH8ucSm5KFdGYG,https://api.spotify.com/v1/audio-analysis/5HVBoRtqnH8ucSm5KFdGYG,0
8,1960,High Hopes,Frank Sinatra,0.716,0.213,3,-9.886,1,0.0374,0.806,0.0,0.173,0.721,138.381,162207,4,spotify:track:68sTztCNUapkQL0nEKfrM5,https://api.spotify.com/v1/tracks/68sTztCNUapkQL0nEKfrM5,https://api.spotify.com/v1/audio-analysis/68sTztCNUapkQL0nEKfrM5,0
9,1961,Nice 'n' Easy,Frank Sinatra,0.536,0.148,0,-14.903,1,0.031,0.772,0.0,0.101,0.509,109.295,165760,4,spotify:track:5Z7bkW3dsu8jLdv3dEGxly,https://api.spotify.com/v1/tracks/5Z7bkW3dsu8jLdv3dEGxly,https://api.spotify.com/v1/audio-analysis/5Z7bkW3dsu8jLdv3dEGxly,0
10,1961,He'll Have to Go,Jim Reeves,0.554,0.186,1,-15.846,1,0.0379,0.909,0.00144,0.11,0.2,81.181,138640,3,spotify:track:7DH5dXVuQaqcKf9oTy9oUN,https://api.spotify.com/v1/tracks/7DH5dXVuQaqcKf9oTy9oUN,https://api.spotify.com/v1/audio-analysis/7DH5dXVuQaqcKf9oTy9oUN,0
11,1961,The Second Time Around,Andy Williams,0.25,0.102,9,-16.175,1,0.0334,0.795,0.00015,0.397,0.0769,72.412,199600,3,spotify:track:6FfdklO8R9Q1okEyGGUdaD,https://api.spotify.com/v1/tracks/6FfdklO8R9Q1okEyGGUdaD,https://api.spotify.com/v1/audio-analysis/6FfdklO8R9Q1okEyGGUdaD,0
12,1961,Theme from A Summer Place,Percy Faith,0.326,0.326,0,-15.144,1,0.0297,0.591,0.918,0.494,0.87,186.232,142693,3,spotify:track:6zwvB879PJSpTyFcg2wwnL,https://api.spotify.com/v1/tracks/6zwvB879PJSpTyFcg2wwnL,https://api.spotify.com/v1/audio-analysis/6zwvB879PJSpTyFcg2wwnL,0
13,1962,A Little Bitty Tear,Burl Ives,0.58,0.209,0,-15.516,1,0.0464,0.896,0.243,0.116,0.831,72.103,125400,4,spotify:track:3XhTHMleuyoQCP8jxOeIhD,https://api.spotify.com/v1/tracks/3XhTHMleuyoQCP8jxOeIhD,https://api.spotify.com/v1/audio-analysis/3XhTHMleuyoQCP8jxOeIhD,0
14,1962,"""Moon River"" *",Henry Mancini,0.39,0.0235,5,-19.695,1,0.0345,0.937,0.00128,0.099,0.155,133.403,125585,5,spotify:track:5iGleL7HpEThuuYQ3us2jh,https://api.spotify.com/v1/tracks/5iGleL7HpEThuuYQ3us2jh,https://api.spotify.com/v1/audio-analysis/5iGleL7HpEThuuYQ3us2jh,1
15,1962,Lollipops and Roses,Jack Jones,0.266,0.163,6,-14.202,1,0.0381,0.899,0.000761,0.184,0.14,119.257,246093,4,spotify:track:67JIfYdnRNXSSP1uPRmE2j,https://api.spotify.com/v1/tracks/67JIfYdnRNXSSP1uPRmE2j,https://api.spotify.com/v1/audio-analysis/67JIfYdnRNXSSP1uPRmE2j,0
16,1962,Big Bad John,Jimmy Dean,0.516,0.457,8,-12.609,1,0.184,0.596,0.0,0.106,0.455,173.934,182560,4,spotify:track:61uAY9xdzYiIbYJ07XvKso,https://api.spotify.com/v1/tracks/61uAY9xdzYiIbYJ07XvKso,https://api.spotify.com/v1/audio-analysis/61uAY9xdzYiIbYJ07XvKso,0
17,1963,I Left My Heart in San Francisco,Tony Bennett,0.313,0.078,0,-17.583,1,0.0332,0.955,4.48e-06,0.169,0.125,128.065,170960,4,spotify:track:1bYItjcPRtxZs6Ir71O5RB,https://api.spotify.com/v1/tracks/1bYItjcPRtxZs6Ir71O5RB,https://api.spotify.com/v1/audio-analysis/1bYItjcPRtxZs6Ir71O5RB,0
18,1963,As Long as He Needs Me,Shirley Bassey,0.294,0.147,5,-14.271,1,0.0302,0.964,0.0,0.266,0.166,103.232,182000,3,spotify:track:6mXqStzmjKPA0enSUQCBOv,https://api.spotify.com/v1/tracks/6mXqStzmjKPA0enSUQCBOv,https://api.spotify.com/v1/audio-analysis/6mXqStzmjKPA0enSUQCBOv,0
19,1963,"""What Kind of Fool Am I?""",Sammy Davis Jr.,0.231,0.31,11,-8.959,0,0.0301,0.96,0.000134,0.383,0.161,94.009,202617,4,spotify:track:2ChoPgCQ88DGEDFBwFgZlo,https://api.spotify.com/v1/tracks/2ChoPgCQ88DGEDFBwFgZlo,https://api.spotify.com/v1/audio-analysis/2ChoPgCQ88DGEDFBwFgZlo,1
20,1964,Wives and Lovers,Jack Jones,0.354,0.472,5,-13.215,0,0.0464,0.449,0.0,0.28,0.541,96.026,149040,4,spotify:track:33yeTx321qQCaLyh2nE6BY,https://api.spotify.com/v1/tracks/33yeTx321qQCaLyh2nE6BY,https://api.spotify.com/v1/audio-analysis/33yeTx321qQCaLyh2nE6BY,0
21,1964,"""Days of Wine and Roses"" *",Henry Mancini,0.246,0.171,7,-14.435,0,0.0298,0.852,0.0,0.195,0.205,81.235,126549,4,spotify:track:2sWRC12vYVTHjdTD2WOE4v,https://api.spotify.com/v1/tracks/2sWRC12vYVTHjdTD2WOE4v,https://api.spotify.com/v1/audio-analysis/2sWRC12vYVTHjdTD2WOE4v,1
22,1964,Call Me Irresponsible,Frank Sinatra,0.22,0.181,3,-12.31,1,0.0301,0.931,0.000839,0.107,0.243,86.007,175587,5,spotify:track:0oeM1wuV8lRBJQg3Emvg9c,https://api.spotify.com/v1/tracks/0oeM1wuV8lRBJQg3Emvg9c,https://api.spotify.com/v1/audio-analysis/0oeM1wuV8lRBJQg3Emvg9c,0
23,1964,The Good Life,Tony Bennett,0.182,0.261,10,-13.707,1,0.033,0.88,1.03e-05,0.442,0.206,175.779,134893,5,spotify:track:4MVvSNPOUd2z70vkkNCbLr,https://api.spotify.com/v1/tracks/4MVvSNPOUd2z70vkkNCbLr,https://api.spotify.com/v1/audio-analysis/4MVvSNPOUd2z70vkkNCbLr,0
24,1964,I Wanna Be Around,Tony Bennett,0.383,0.425,0,-7.034,1,0.0358,0.865,1.11e-06,0.159,0.357,82.069,180973,4,spotify:track:2MYXo44cKkRtB4O5Glziw3,https://api.spotify.com/v1/tracks/2MYXo44cKkRtB4O5Glziw3,https://api.spotify.com/v1/audio-analysis/2MYXo44cKkRtB4O5Glziw3,0
25,1965,Who Can I Turn To?,Tony Bennett,0.237,0.238,3,-11.999,1,0.0341,0.927,2.02e-05,0.0543,0.126,112.062,175360,4,spotify:track:2FXk3LhwfbziRcCg8Rp0fN,https://api.spotify.com/v1/tracks/2FXk3LhwfbziRcCg8Rp0fN,https://api.spotify.com/v1/audio-analysis/2FXk3LhwfbziRcCg8Rp0fN,0
26,1965,"""Hello, Dolly!""",Louis Armstrong,0.0,0.405,0,-9.935,1,0.0,0.842,0.00114,0.198,0.0,0.0,147000,0,spotify:track:63kd4m3VFxcJjPVVtbVNAu,https://api.spotify.com/v1/tracks/63kd4m3VFxcJjPVVtbVNAu,https://api.spotify.com/v1/audio-analysis/63kd4m3VFxcJjPVVtbVNAu,1
27,1965,Dear Heart,Andy Williams,0.145,0.242,5,-12.448,1,0.03,0.873,0.0,0.136,0.0971,84.301,175053,3,spotify:track:1zXpbZZZ9Lb81ZrTqOzW1m,https://api.spotify.com/v1/tracks/1zXpbZZZ9Lb81ZrTqOzW1m,https://api.spotify.com/v1/audio-analysis/1zXpbZZZ9Lb81ZrTqOzW1m,0
28,1965,People,Barbra Streisand,0.481,0.436,7,-8.299,1,0.0281,0.768,3.26e-05,0.0975,0.27,95.105,254853,4,spotify:track:0s7UEtczBGK68zYCi1y6W8,https://api.spotify.com/v1/tracks/0s7UEtczBGK68zYCi1y6W8,https://api.spotify.com/v1/audio-analysis/0s7UEtczBGK68zYCi1y6W8,0
29,1965,A Hard Day's Night,The Beatles,0.59,0.805,0,-6.481,1,0.0371,0.137,0.0,0.0996,0.797,138.514,154200,4,spotify:track:5J2CHimS7dWYMImCHkEFaJ,https://api.spotify.com/v1/tracks/5J2CHimS7dWYMImCHkEFaJ,https://api.spotify.com/v1/audio-analysis/5J2CHimS7dWYMImCHkEFaJ,0
30,1966,I Will Wait for You,Connie Francis,0.301,0.308,10,-10.733,0,0.0312,0.911,1.87e-05,0.223,0.254,96.32,190760,4,spotify:track:6qziCLmMT1n8IevVTWl950,https://api.spotify.com/v1/tracks/6qziCLmMT1n8IevVTWl950,https://api.spotify.com/v1/audio-analysis/6qziCLmMT1n8IevVTWl950,0
31,1966,King of the Road,Roger Miller,0.67,0.272,11,-13.699,1,0.0704,0.717,0.0,0.178,0.613,117.996,147307,4,spotify:track:3XG7bMVcMWLIn2k9jLAaAt,https://api.spotify.com/v1/tracks/3XG7bMVcMWLIn2k9jLAaAt,https://api.spotify.com/v1/audio-analysis/3XG7bMVcMWLIn2k9jLAaAt,0
32,1966,"""The Shadow of Your Smile""",Tony Bennett,0.306,0.098,7,-17.247,1,0.032,0.941,0.0508,0.0974,0.0966,110.333,217893,4,spotify:track:66YI4JFp7BcMcepibGprsN,https://api.spotify.com/v1/tracks/66YI4JFp7BcMcepibGprsN,https://api.spotify.com/v1/audio-analysis/66YI4JFp7BcMcepibGprsN,1
33,1966,The September of My Years,Frank Sinatra,0.162,0.146,9,-16.497,1,0.0349,0.822,0.0,0.113,0.165,63.381,195480,3,spotify:track:7aEqYB9fGCGtq8aYL6ugQU,https://api.spotify.com/v1/tracks/7aEqYB9fGCGtq8aYL6ugQU,https://api.spotify.com/v1/audio-analysis/7aEqYB9fGCGtq8aYL6ugQU,0
34,1966,Yesterday,The Beatles,0.332,0.179,5,-11.83,1,0.0326,0.879,0.0,0.0886,0.315,96.529,125667,4,spotify:track:3BQHpFgAp4l80e1XslIjNI,https://api.spotify.com/v1/tracks/3BQHpFgAp4l80e1XslIjNI,https://api.spotify.com/v1/audio-analysis/3BQHpFgAp4l80e1XslIjNI,0
35,1967,"""Michelle""",The Beatles,0.578,0.29,5,-12.501,0,0.0341,0.652,0.0,0.105,0.666,117.403,162373,4,spotify:track:5By7Pzgl6TMuVJG168VWzS,https://api.spotify.com/v1/tracks/5By7Pzgl6TMuVJG168VWzS,https://api.spotify.com/v1/audio-analysis/5By7Pzgl6TMuVJG168VWzS,1
36,1967,Strangers in the Night,Frank Sinatra,0.259,0.473,5,-8.275,1,0.0295,0.592,0.0,0.201,0.539,90.348,157867,4,spotify:track:74VR3AkGPhbYXnxcOYa16x,https://api.spotify.com/v1/tracks/74VR3AkGPhbYXnxcOYa16x,https://api.spotify.com/v1/audio-analysis/74VR3AkGPhbYXnxcOYa16x,0
37,1967,"Somewhere, My Love",Ray Conniff,0.477,0.259,7,-16.096,1,0.0264,0.867,0.0,0.238,0.374,88.59,148627,3,spotify:track:1IYn7ytdb8byvHKS7S3Cat,https://api.spotify.com/v1/tracks/1IYn7ytdb8byvHKS7S3Cat,https://api.spotify.com/v1/audio-analysis/1IYn7ytdb8byvHKS7S3Cat,0
38,1967,The Impossible Dream,Richard Kiley,0.341,0.397,10,-11.389,1,0.0411,0.944,0.00076,0.108,0.382,85.186,142800,3,spotify:track:217RsQ8R5s4KgtGA7Sbgor,https://api.spotify.com/v1/tracks/217RsQ8R5s4KgtGA7Sbgor,https://api.spotify.com/v1/audio-analysis/217RsQ8R5s4KgtGA7Sbgor,0
39,1967,Born Free,Various Artists,0.0935,0.0962,5,-19.194,1,0.039,0.918,0.784,0.166,0.0388,60.483,166162,3,spotify:track:0ao9T6DPJdH2LFND6DigRR,https://api.spotify.com/v1/tracks/0ao9T6DPJdH2LFND6DigRR,https://api.spotify.com/v1/audio-analysis/0ao9T6DPJdH2LFND6DigRR,0
40,1968,"""Up, Up, and Away"" *",The 5th Dimension,0.393,0.362,7,-14.601,0,0.0305,0.599,0.0,0.333,0.515,107.645,163347,5,spotify:track:3JdToGxgvH9SnO1a605Ztr,https://api.spotify.com/v1/tracks/3JdToGxgvH9SnO1a605Ztr,https://api.spotify.com/v1/audio-analysis/3JdToGxgvH9SnO1a605Ztr,1
41,1968,Ode to Billie Joe,Bobbie Gentry,0.637,0.189,7,-10.726,1,0.0471,0.721,0.0,0.0939,0.695,120.142,255002,4,spotify:track:4FdDorlbJTVHcH3djLbIfn,https://api.spotify.com/v1/tracks/4FdDorlbJTVHcH3djLbIfn,https://api.spotify.com/v1/audio-analysis/4FdDorlbJTVHcH3djLbIfn,0
42,1968,By the Time I Get to Phoenix,Glen Campbell,0.218,0.336,5,-12.997,1,0.0301,0.0743,1.61e-06,0.134,0.232,176.66,164200,4,spotify:track:1tZKsxgKebVQX9s6oiojG9,https://api.spotify.com/v1/tracks/1tZKsxgKebVQX9s6oiojG9,https://api.spotify.com/v1/audio-analysis/1tZKsxgKebVQX9s6oiojG9,0
43,1968,My Cup Runneth Over,Ed Ames,0.344,0.365,7,-9.628,1,0.0279,0.801,0.000509,0.0712,0.359,100.79,164827,3,spotify:track:40BvPdq2rwYIoioUgjKHoK,https://api.spotify.com/v1/tracks/40BvPdq2rwYIoioUgjKHoK,https://api.spotify.com/v1/audio-analysis/40BvPdq2rwYIoioUgjKHoK,0
44,1968,Gentle on My Mind,Glen Campbell,0.597,0.415,3,-13.799,1,0.0323,0.189,0.0,0.123,0.826,108.987,178627,4,spotify:track:0mLoTgCB8oU0sJGojRtvDu,https://api.spotify.com/v1/tracks/0mLoTgCB8oU0sJGojRtvDu,https://api.spotify.com/v1/audio-analysis/0mLoTgCB8oU0sJGojRtvDu,0
45,1969,"""Little Green Apples""",O. C. Smith,0.451,0.358,6,-17.064,1,0.0517,0.556,4.44e-06,0.102,0.421,168.147,250594,4,spotify:track:40uG3QadBzPpToV2FbPtuF,https://api.spotify.com/v1/tracks/40uG3QadBzPpToV2FbPtuF,https://api.spotify.com/v1/audio-analysis/40uG3QadBzPpToV2FbPtuF,1
46,1969,Harper Valley PTA,Jeannie C. Riley,0.763,0.667,4,-6.999,1,0.0332,0.612,0.00133,0.088,0.869,122.778,195547,4,spotify:track:4mjHSVgH9wLL1btWfqtxAl,https://api.spotify.com/v1/tracks/4mjHSVgH9wLL1btWfqtxAl,https://api.spotify.com/v1/audio-analysis/4mjHSVgH9wLL1btWfqtxAl,0
47,1969,Hey Jude,The Beatles,0.386,0.607,10,-7.7,1,0.0261,0.0112,1.38e-05,0.088,0.532,147.207,425653,4,spotify:track:0aym2LBJBk9DAYuHHutrIl,https://api.spotify.com/v1/tracks/0aym2LBJBk9DAYuHHutrIl,https://api.spotify.com/v1/audio-analysis/0aym2LBJBk9DAYuHHutrIl,0
48,1969,Honey,Bobby Goldsboro,0.399,0.278,7,-13.122,1,0.0291,0.674,0.000694,0.203,0.597,93.189,238733,4,spotify:track:2Qhvi6R73Zj3cpzRYzcAww,https://api.spotify.com/v1/tracks/2Qhvi6R73Zj3cpzRYzcAww,https://api.spotify.com/v1/audio-analysis/2Qhvi6R73Zj3cpzRYzcAww,0
49,1969,Mrs. Robinson,Simon & Garfunkel,0.606,0.457,6,-14.035,0,0.0497,0.713,2.53e-05,0.0747,0.813,92.033,244027,4,spotify:track:0iOZM63lendWRTTeKhZBSC,https://api.spotify.com/v1/tracks/0iOZM63lendWRTTeKhZBSC,https://api.spotify.com/v1/audio-analysis/0iOZM63lendWRTTeKhZBSC,0
50,1970,A Time For Us,Henry Mancini,0.391,0.175,5,-16.646,1,0.028,0.963,0.965,0.122,0.116,82.431,146588,3,spotify:track:23fPMwqBpMxUaZwiTHUU7s,https://api.spotify.com/v1/tracks/23fPMwqBpMxUaZwiTHUU7s,https://api.spotify.com/v1/audio-analysis/23fPMwqBpMxUaZwiTHUU7s,0
51,1970,Spinning Wheel,"Blood, Sweat & Tears",0.695,0.503,7,-9.313,1,0.0605,0.315,2.47e-05,0.261,0.542,96.818,247267,4,spotify:track:0spSRHFS4zF4Imvz9sJcfL,https://api.spotify.com/v1/tracks/0spSRHFS4zF4Imvz9sJcfL,https://api.spotify.com/v1/audio-analysis/0spSRHFS4zF4Imvz9sJcfL,0
52,1970,I'll Never Fall in Love Again,Dionne Warwick,0.668,0.404,1,-11.166,1,0.0403,0.706,0.000363,0.0933,0.793,136.951,174880,4,spotify:track:4BCByYcKQEOjZ1BWGMBg0Q,https://api.spotify.com/v1/tracks/4BCByYcKQEOjZ1BWGMBg0Q,https://api.spotify.com/v1/audio-analysis/4BCByYcKQEOjZ1BWGMBg0Q,0
53,1970,Raindrops Keep Fallin' on My Head,B. J. Thomas,0.519,0.446,5,-9.287,1,0.0388,0.813,0.000124,0.11,0.654,104.962,184493,4,spotify:track:0zRtBDhwtIFTfoK2HuURbM,https://api.spotify.com/v1/tracks/0zRtBDhwtIFTfoK2HuURbM,https://api.spotify.com/v1/audio-analysis/0zRtBDhwtIFTfoK2HuURbM,0
54,1970,"""Games People Play""",Joe South,0.334,0.714,9,-8.379,1,0.155,0.251,4.26e-05,0.257,0.595,172.288,215160,4,spotify:track:50t8gshcAtXiUdk7nHfYDp,https://api.spotify.com/v1/tracks/50t8gshcAtXiUdk7nHfYDp,https://api.spotify.com/v1/audio-analysis/50t8gshcAtXiUdk7nHfYDp,1
55,1971,We've Only Just Begun,The Carpenters,0.376,0.321,9,-11.771,1,0.0297,0.771,3.34e-06,0.103,0.3,86.562,185160,4,spotify:track:3m167vBQI5YLK0a1m6L6Y1,https://api.spotify.com/v1/tracks/3m167vBQI5YLK0a1m6L6Y1,https://api.spotify.com/v1/audio-analysis/3m167vBQI5YLK0a1m6L6Y1,0
56,1971,Let it Be,The Beatles,0.443,0.403,0,-8.339,1,0.0322,0.631,0.0,0.111,0.41,143.462,243027,4,spotify:track:7iN1s7xHE4ifF5povM6A48,https://api.spotify.com/v1/tracks/7iN1s7xHE4ifF5povM6A48,https://api.spotify.com/v1/audio-analysis/7iN1s7xHE4ifF5povM6A48,0
57,1971,Fire and Rain,James Taylor,0.597,0.271,5,-17.293,1,0.0394,0.766,0.0119,0.0933,0.338,76.271,203613,4,spotify:track:1oht5GevPN9t1T3kG1m1GO,https://api.spotify.com/v1/tracks/1oht5GevPN9t1T3kG1m1GO,https://api.spotify.com/v1/audio-analysis/1oht5GevPN9t1T3kG1m1GO,0
58,1971,Everything Is Beautiful,Ray Stevens,0.37,0.378,5,-15.178,1,0.0369,0.514,0.0,0.222,0.722,112.159,212773,4,spotify:track:3rrrMhc76FDnS4N7wu2KfH,https://api.spotify.com/v1/tracks/3rrrMhc76FDnS4N7wu2KfH,https://api.spotify.com/v1/audio-analysis/3rrrMhc76FDnS4N7wu2KfH,0
59,1971,"""Bridge over Troubled Water"" *",Simon & Garfunkel,0.149,0.206,3,-13.888,1,0.0323,0.822,0.000649,0.115,0.264,79.764,293120,4,spotify:track:6l8EbYRtQMgKOyc1gcDHF9,https://api.spotify.com/v1/tracks/6l8EbYRtQMgKOyc1gcDHF9,https://api.spotify.com/v1/audio-analysis/6l8EbYRtQMgKOyc1gcDHF9,1
60,1972,Help Me Make It Through the Night,Kris Kristofferson,0.602,0.338,0,-13.33,1,0.0273,0.356,0.000183,0.0665,0.778,81.434,141640,4,spotify:track:2KU944ARlycn1xv8W4I3Oe,https://api.spotify.com/v1/tracks/2KU944ARlycn1xv8W4I3Oe,https://api.spotify.com/v1/audio-analysis/2KU944ARlycn1xv8W4I3Oe,0
61,1972,It's Impossible,Perry Como,0.276,0.254,5,-17.086,0,0.0329,0.345,0.164,0.45,0.361,140.674,193800,4,spotify:track:43qhyYc23jLct4VYPF8RrJ,https://api.spotify.com/v1/tracks/43qhyYc23jLct4VYPF8RrJ,https://api.spotify.com/v1/audio-analysis/43qhyYc23jLct4VYPF8RrJ,0
62,1972,Me and Bobby McGee,Janis Joplin,0.43,0.463,2,-10.96,1,0.0442,0.303,5.84e-05,0.152,0.66,93.405,271333,4,spotify:track:1IqFh00G2kvvMm8pRMpehA,https://api.spotify.com/v1/tracks/1IqFh00G2kvvMm8pRMpehA,https://api.spotify.com/v1/audio-analysis/1IqFh00G2kvvMm8pRMpehA,0
63,1972,(I Never Promised You a) Rose Garden,Lynn Anderson,0.588,0.489,0,-12.329,1,0.0346,0.291,0.0,0.198,0.962,129.557,177960,4,spotify:track:4YWM7K1JpymbBnFhTBPeN0,https://api.spotify.com/v1/tracks/4YWM7K1JpymbBnFhTBPeN0,https://api.spotify.com/v1/audio-analysis/4YWM7K1JpymbBnFhTBPeN0,0
64,1972,"""You've Got a Friend""",James Taylor & Carole King,0.71,0.577,9,-10.991,1,0.0619,0.121,0.696,0.0919,0.531,92.007,283965,4,spotify:track:0MYooBVHLdHzu6X6fNd5kk,https://api.spotify.com/v1/tracks/0MYooBVHLdHzu6X6fNd5kk,https://api.spotify.com/v1/audio-analysis/0MYooBVHLdHzu6X6fNd5kk,1
65,1973,Alone Again (Naturally),Gilbert O'Sullivan,0.558,0.464,8,-8.488,0,0.0354,0.583,0.000133,0.159,0.559,171.762,217729,4,spotify:track:6vuEG9sZtC4W2zT64f7zLF,https://api.spotify.com/v1/tracks/6vuEG9sZtC4W2zT64f7zLF,https://api.spotify.com/v1/audio-analysis/6vuEG9sZtC4W2zT64f7zLF,0
66,1973,American Pie,Don McLean,0.531,0.481,4,-11.709,0,0.06,0.699,0.0,0.0842,0.491,138.45,516893,4,spotify:track:1fDsrQ23eTAVFElUMaf38X,https://api.spotify.com/v1/tracks/1fDsrQ23eTAVFElUMaf38X,https://api.spotify.com/v1/audio-analysis/1fDsrQ23eTAVFElUMaf38X,0
67,1973,Song Sung Blue,Neil Diamond,0.556,0.327,0,-15.612,1,0.0311,0.467,1.32e-05,0.318,0.327,108.913,195160,4,spotify:track:4FZ8wtTaOAbYvyChBt4GEQ,https://api.spotify.com/v1/tracks/4FZ8wtTaOAbYvyChBt4GEQ,https://api.spotify.com/v1/audio-analysis/4FZ8wtTaOAbYvyChBt4GEQ,0
68,1973,The Summer Knows,Michel Legrand,0.548,0.038,11,-25.2,0,0.0579,0.996,0.946,0.084,0.235,72.778,236280,4,spotify:track:0uVgONSEpfOwZYPnx3Pu9I,https://api.spotify.com/v1/tracks/0uVgONSEpfOwZYPnx3Pu9I,https://api.spotify.com/v1/audio-analysis/0uVgONSEpfOwZYPnx3Pu9I,0
69,1973,"""The First Time Ever I Saw Your Face"" *",Roberta Flack,0.311,0.0264,0,-21.644,1,0.037,0.731,0.00205,0.156,0.139,120.653,260666,4,spotify:track:0SxFyA4FqmEQqZVuAlg8lf,https://api.spotify.com/v1/tracks/0SxFyA4FqmEQqZVuAlg8lf,https://api.spotify.com/v1/audio-analysis/0SxFyA4FqmEQqZVuAlg8lf,1
70,1974,Behind Closed Doors,Charlie Rich,0.492,0.329,2,-11.788,1,0.0274,0.961,0.199,0.0955,0.589,85.196,174667,4,spotify:track:6d7Jz2np6jtNaZv1DiWfJs,https://api.spotify.com/v1/tracks/6d7Jz2np6jtNaZv1DiWfJs,https://api.spotify.com/v1/audio-analysis/6d7Jz2np6jtNaZv1DiWfJs,0
71,1974,Tie a Yellow Ribbon Round the Ole Oak Tree,Dawn featuring Tony Orlando,0.609,0.368,5,-15.259,1,0.0345,0.107,0.738,0.137,0.822,172.965,203781,4,spotify:track:4QBKzlOTDbYVrZVHvJtwWX,https://api.spotify.com/v1/tracks/4QBKzlOTDbYVrZVHvJtwWX,https://api.spotify.com/v1/audio-analysis/4QBKzlOTDbYVrZVHvJtwWX,0
72,1974,You're So Vain,Carly Simon,0.659,0.678,0,-8.18,1,0.0313,0.157,6.69e-06,0.0784,0.647,106.186,258411,4,spotify:track:2DnJjbjNTV9Nd5NOa1KGba,https://api.spotify.com/v1/tracks/2DnJjbjNTV9Nd5NOa1KGba,https://api.spotify.com/v1/audio-analysis/2DnJjbjNTV9Nd5NOa1KGba,0
73,1974,"""Killing Me Softly with His Song"" *",Roberta Flack,0.477,0.381,5,-10.237,0,0.0342,0.727,0.0,0.0615,0.329,121.568,286920,4,spotify:track:3gsCAGsWr6pUm1Vy7CPPob,https://api.spotify.com/v1/tracks/3gsCAGsWr6pUm1Vy7CPPob,https://api.spotify.com/v1/audio-analysis/3gsCAGsWr6pUm1Vy7CPPob,1
74,1974,You Are the Sunshine of My Life,Stevie Wonder,0.465,0.58,11,-11.36,1,0.0419,0.763,3.49e-06,0.115,0.749,131.799,177307,4,spotify:track:5MG0ozyzRcqSdVeQEWPYLg,https://api.spotify.com/v1/tracks/5MG0ozyzRcqSdVeQEWPYLg,https://api.spotify.com/v1/audio-analysis/5MG0ozyzRcqSdVeQEWPYLg,0
75,1975,"""The Way We Were""",Barbra Streisand,0.264,0.32,9,-11.716,1,0.0325,0.885,0.00141,0.134,0.171,138.108,211093,3,spotify:track:1vZTgn4JXWMahR8r99ug5H,https://api.spotify.com/v1/tracks/1vZTgn4JXWMahR8r99ug5H,https://api.spotify.com/v1/audio-analysis/1vZTgn4JXWMahR8r99ug5H,1
76,1975,Feel Like Makin' Love,Roberta Flack,0.681,0.264,8,-21.861,1,0.0309,0.833,0.441,0.103,0.692,93.809,175400,4,spotify:track:7gkboYtvhuXNS4EUwmFPcw,https://api.spotify.com/v1/tracks/7gkboYtvhuXNS4EUwmFPcw,https://api.spotify.com/v1/audio-analysis/7gkboYtvhuXNS4EUwmFPcw,0
77,1975,Midnight at the Oasis,Maria Muldaur,0.705,0.499,1,-7.969,1,0.0265,0.409,6.59e-05,0.103,0.391,98.686,229507,4,spotify:track:5VBcEJ4mtXTmVEJtc7hx2g,https://api.spotify.com/v1/tracks/5VBcEJ4mtXTmVEJtc7hx2g,https://api.spotify.com/v1/audio-analysis/5VBcEJ4mtXTmVEJtc7hx2g,0
78,1975,I Honestly Love You,Olivia Newton-John,0.637,0.329,10,-11.362,1,0.0272,0.613,2.36e-06,0.14,0.152,112.075,246147,4,spotify:track:2kCIwSz0JoYQPrT4Ykr1MZ,https://api.spotify.com/v1/tracks/2kCIwSz0JoYQPrT4Ykr1MZ,https://api.spotify.com/v1/audio-analysis/2kCIwSz0JoYQPrT4Ykr1MZ,0
79,1975,You and Me Against the World,Helen Reddy,0.384,0.283,9,-15.493,1,0.0288,0.544,1.09e-06,0.154,0.259,78.568,191707,4,spotify:track:26WupilYCvGn1OEX2CqKjN,https://api.spotify.com/v1/tracks/26WupilYCvGn1OEX2CqKjN,https://api.spotify.com/v1/audio-analysis/26WupilYCvGn1OEX2CqKjN,0
80,1976,Feelings,Morris Albert,0.24,0.314,4,-11.583,0,0.029,0.297,3.06e-06,0.145,0.224,146.086,245067,4,spotify:track:1ib9HiMItjzAwAZFzlaK20,https://api.spotify.com/v1/tracks/1ib9HiMItjzAwAZFzlaK20,https://api.spotify.com/v1/audio-analysis/1ib9HiMItjzAwAZFzlaK20,0
81,1976,Love Will Keep Us Together,Captain & Tennille,0.621,0.788,4,-4.326,1,0.0314,0.354,0.0,0.305,0.926,129.62,205493,4,spotify:track:4pCNJwixy2ImFncaPY2yE2,https://api.spotify.com/v1/tracks/4pCNJwixy2ImFncaPY2yE2,https://api.spotify.com/v1/audio-analysis/4pCNJwixy2ImFncaPY2yE2,0
82,1976,Rhinestone Cowboy,Glen Campbell,0.644,0.633,0,-8.006,1,0.0261,0.102,6.82e-05,0.227,0.647,115.193,194453,4,spotify:track:0VwTeYNjcl30DyQlt3GPe0,https://api.spotify.com/v1/tracks/0VwTeYNjcl30DyQlt3GPe0,https://api.spotify.com/v1/audio-analysis/0VwTeYNjcl30DyQlt3GPe0,0
83,1976,"""Send in the Clowns""",Judy Collins,0.155,0.0487,3,-16.942,1,0.0397,0.97,0.00104,0.188,0.087,67.097,240867,5,spotify:track:3evTbfCtMxbUwTQIn7QOcG,https://api.spotify.com/v1/tracks/3evTbfCtMxbUwTQIn7QOcG,https://api.spotify.com/v1/audio-analysis/3evTbfCtMxbUwTQIn7QOcG,1
84,1976,At Seventeen,Janis Ian,0.616,0.271,0,-17.212,1,0.0458,0.876,0.000126,0.113,0.336,125.021,283880,4,spotify:track:7wJpqjqk8QbHpCakY1ZacY,https://api.spotify.com/v1/tracks/7wJpqjqk8QbHpCakY1ZacY,https://api.spotify.com/v1/audio-analysis/7wJpqjqk8QbHpCakY1ZacY,0
85,1977,Afternoon Delight,Starland Vocal Band,0.486,0.445,5,-11.728,1,0.03,0.49,0.0,0.101,0.788,147.221,193040,4,spotify:track:3uLk0uQ4zMS26h89Of8XOD,https://api.spotify.com/v1/tracks/3uLk0uQ4zMS26h89Of8XOD,https://api.spotify.com/v1/audio-analysis/3uLk0uQ4zMS26h89Of8XOD,0
86,1977,Breaking Up Is Hard to Do,Neil Sedaka,0.743,0.799,8,-5.466,0,0.0375,0.699,0.0,0.0635,0.965,116.112,139200,4,spotify:track:2x6pbpjVGjiWCcH89IK8AX,https://api.spotify.com/v1/tracks/2x6pbpjVGjiWCcH89IK8AX,https://api.spotify.com/v1/audio-analysis/2x6pbpjVGjiWCcH89IK8AX,0
87,1977,This Masquerade,George Benson,0.469,0.296,0,-14.146,0,0.0356,0.155,1.61e-05,0.0878,0.539,180.686,196920,4,spotify:track:7GkaclZPWxJujsylkMetsW,https://api.spotify.com/v1/tracks/7GkaclZPWxJujsylkMetsW,https://api.spotify.com/v1/audio-analysis/7GkaclZPWxJujsylkMetsW,0
88,1977,The Wreck of the Edmund Fitzgerald,Gordon Lightfoot,0.308,0.376,4,-15.24,1,0.0626,0.116,2.52e-06,0.166,0.158,186.047,389280,3,spotify:track:536L9C0N7vhYdibCJx3cI2,https://api.spotify.com/v1/tracks/536L9C0N7vhYdibCJx3cI2,https://api.spotify.com/v1/audio-analysis/536L9C0N7vhYdibCJx3cI2,0
89,1977,"""I Write the Songs""",Barry Manilow,0.397,0.381,3,-8.553,1,0.0294,0.835,0.0,0.0829,0.423,148.649,239187,4,spotify:track:5VU6nvX3BqkqBmOJ2d9vhW,https://api.spotify.com/v1/tracks/5VU6nvX3BqkqBmOJ2d9vhW,https://api.spotify.com/v1/audio-analysis/5VU6nvX3BqkqBmOJ2d9vhW,1
90,1978,"""You Light Up My Life""",Debby Boone,0.333,0.367,2,-10.06,1,0.0291,0.831,1.19e-05,0.262,0.0685,77.986,216287,3,spotify:track:3dFR132gzO8jxD57R2gid3,https://api.spotify.com/v1/tracks/3dFR132gzO8jxD57R2gid3,https://api.spotify.com/v1/audio-analysis/3dFR132gzO8jxD57R2gid3,1
91,1978,"""Evergreen (Love Theme from A Star Is Born)""",Barbra Streisand,0.335,0.303,9,-10.943,1,0.0315,0.932,0.0271,0.0907,0.186,114.224,184800,4,spotify:track:2IcqY68BxP1ONPi3ME6aje,https://api.spotify.com/v1/tracks/2IcqY68BxP1ONPi3ME6aje,https://api.spotify.com/v1/audio-analysis/2IcqY68BxP1ONPi3ME6aje,1
92,1978,Southern Nights,Glen Campbell,0.697,0.813,11,-8.89,0,0.0315,0.0989,0.0232,0.583,0.85,95.301,180027,4,spotify:track:7kv7zBjMtVf0eIJle2VZxn,https://api.spotify.com/v1/tracks/7kv7zBjMtVf0eIJle2VZxn,https://api.spotify.com/v1/audio-analysis/7kv7zBjMtVf0eIJle2VZxn,0
93,1978,Nobody Does It Better,Carly Simon,0.368,0.403,10,-12.699,1,0.0288,0.703,7.66e-06,0.202,0.338,135.384,212667,4,spotify:track:49RUdNvwSiUTC8fBh4KKoC,https://api.spotify.com/v1/tracks/49RUdNvwSiUTC8fBh4KKoC,https://api.spotify.com/v1/audio-analysis/49RUdNvwSiUTC8fBh4KKoC,0
94,1978,Hotel California,the Eagles,0.579,0.508,2,-9.484,1,0.027,0.00574,0.000494,0.0575,0.609,147.125,391376,4,spotify:track:40riOy7x9W7GXjyGp4pjAv,https://api.spotify.com/v1/tracks/40riOy7x9W7GXjyGp4pjAv,https://api.spotify.com/v1/audio-analysis/40riOy7x9W7GXjyGp4pjAv,0
95,1978,Don't It Make My Brown Eyes Blue,Crystal Gayle,0.736,0.321,6,-13.474,1,0.0444,0.799,0.00897,0.0619,0.342,84.928,157653,4,spotify:track:7Jpclr7tZ6aQXjoKzWXUJV,https://api.spotify.com/v1/tracks/7Jpclr7tZ6aQXjoKzWXUJV,https://api.spotify.com/v1/audio-analysis/7Jpclr7tZ6aQXjoKzWXUJV,0
96,1979,Three Times a Lady,the Commodores,0.39,0.0803,8,-20.518,1,0.0306,0.874,0.000639,0.127,0.184,150.503,217427,3,spotify:track:4ztwMHfPZhPoruZdBbgriM,https://api.spotify.com/v1/tracks/4ztwMHfPZhPoruZdBbgriM,https://api.spotify.com/v1/audio-analysis/4ztwMHfPZhPoruZdBbgriM,0
97,1979,You Don't Bring Me Flowers,Neil Diamond & Barbra Streisand,0.255,0.36,0,-14.548,1,0.0764,0.907,0.00118,0.724,0.369,85.495,175027,4,spotify:track:3fRog4nATgsT8i1ewjneSj,https://api.spotify.com/v1/tracks/3fRog4nATgsT8i1ewjneSj,https://api.spotify.com/v1/audio-analysis/3fRog4nATgsT8i1ewjneSj,0
98,1979,You Needed Me,Anne Murray,0.497,0.296,9,-10.756,1,0.0302,0.431,0.0,0.106,0.171,62.204,220267,4,spotify:track:5d4E1hgkLyb7sXr5J3InnM,https://api.spotify.com/v1/tracks/5d4E1hgkLyb7sXr5J3InnM,https://api.spotify.com/v1/audio-analysis/5d4E1hgkLyb7sXr5J3InnM,0
99,1979,"""Just the Way You Are"" *",Billy Joel,0.589,0.453,7,-8.912,1,0.0397,0.703,2.54e-05,0.134,0.513,139.148,290573,4,spotify:track:49MHCPzvMLXhRjDantBMVH,https://api.spotify.com/v1/tracks/49MHCPzvMLXhRjDantBMVH,https://api.spotify.com/v1/audio-analysis/49MHCPzvMLXhRjDantBMVH,1
100,1979,Stayin' Alive,Bee Gees,0.702,0.773,10,-9.256,0,0.0343,0.0288,0.00871,0.147,0.953,103.564,285373,4,spotify:track:5ubvP9oKmxLUVq506fgLhk,https://api.spotify.com/v1/tracks/5ubvP9oKmxLUVq506fgLhk,https://api.spotify.com/v1/audio-analysis/5ubvP9oKmxLUVq506fgLhk,0
101,1980,"""What a Fool Believes"" *",The Doobie Brothers,0.758,0.378,8,-15.308,0,0.0449,0.284,0.0,0.049,0.985,120.736,223867,4,spotify:track:2yBVeksU2EtrPJbTu4ZslK,https://api.spotify.com/v1/tracks/2yBVeksU2EtrPJbTu4ZslK,https://api.spotify.com/v1/audio-analysis/2yBVeksU2EtrPJbTu4ZslK,1
102,1980,I Will Survive,Gloria Gaynor,0.777,0.725,0,-8.681,1,0.05,0.0131,0.00805,0.246,0.529,116.669,198066,4,spotify:track:7cv28LXcjAC3GsXbUvXKbX,https://api.spotify.com/v1/tracks/7cv28LXcjAC3GsXbUvXKbX,https://api.spotify.com/v1/audio-analysis/7cv28LXcjAC3GsXbUvXKbX,0
103,1980,She Believes in Me,Kenny Rogers,0.32,0.413,10,-12.472,1,0.0314,0.484,4.97e-06,0.346,0.313,142.765,258720,4,spotify:track:5ggOAMsJCAYDHnyoqJ0xAD,https://api.spotify.com/v1/tracks/5ggOAMsJCAYDHnyoqJ0xAD,https://api.spotify.com/v1/audio-analysis/5ggOAMsJCAYDHnyoqJ0xAD,0
104,1980,Reunited,Peaches & Herb,0.561,0.501,5,-9.544,0,0.0266,0.857,0.0106,0.135,0.339,75.68,345240,4,spotify:track:7wbPfd2mXbStoZZSnHNd2V,https://api.spotify.com/v1/tracks/7wbPfd2mXbStoZZSnHNd2V,https://api.spotify.com/v1/audio-analysis/7wbPfd2mXbStoZZSnHNd2V,0
105,1980,Minute by Minute,The Doobie Brothers,0.735,0.276,0,-18.071,1,0.044,0.549,0.000201,0.1,0.966,142.979,206973,3,spotify:track:37oLDb3119IdKSIFQmSGRj,https://api.spotify.com/v1/tracks/37oLDb3119IdKSIFQmSGRj,https://api.spotify.com/v1/audio-analysis/37oLDb3119IdKSIFQmSGRj,0
106,1980,Honesty,Billy Joel,0.552,0.265,10,-15.482,1,0.0332,0.415,0.0,0.107,0.212,135.476,233507,4,spotify:track:34E0Higz6fFVXlbVsn6TIW,https://api.spotify.com/v1/tracks/34E0Higz6fFVXlbVsn6TIW,https://api.spotify.com/v1/audio-analysis/34E0Higz6fFVXlbVsn6TIW,0
107,1980,Chuck E.'s in Love,Rickie Lee Jones,0.792,0.267,9,-16.974,1,0.103,0.284,0.0,0.144,0.718,113.402,209573,4,spotify:track:3F1MiFu5a1Y3Z9dQZhLTAo,https://api.spotify.com/v1/tracks/3F1MiFu5a1Y3Z9dQZhLTAo,https://api.spotify.com/v1/audio-analysis/3F1MiFu5a1Y3Z9dQZhLTAo,0
108,1980,After the Love Has Gone,"Earth, Wind & Fire",0.424,0.443,6,-13.45,1,0.0382,0.532,0.000389,0.673,0.391,131.675,278040,4,spotify:track:3cfnGXJ9bmiWvFqEO6ff8B,https://api.spotify.com/v1/tracks/3cfnGXJ9bmiWvFqEO6ff8B,https://api.spotify.com/v1/audio-analysis/3cfnGXJ9bmiWvFqEO6ff8B,0
109,1981,Woman in Love,Barbra Streisand,0.469,0.278,3,-16.311,0,0.028,0.248,0.000126,0.133,0.331,169.735,231840,4,spotify:track:1pTGc8pwyo6xtgXBKCBcFn,https://api.spotify.com/v1/tracks/1pTGc8pwyo6xtgXBKCBcFn,https://api.spotify.com/v1/audio-analysis/1pTGc8pwyo6xtgXBKCBcFn,0
110,1981,"""Sailing"" *",Christopher Cross,0.469,0.382,2,-13.203,1,0.0374,0.364,0.00025,0.36,0.178,149.994,256147,4,spotify:track:6Hu6dzwlvoyg3zBUC8k4BK,https://api.spotify.com/v1/tracks/6Hu6dzwlvoyg3zBUC8k4BK,https://api.spotify.com/v1/audio-analysis/6Hu6dzwlvoyg3zBUC8k4BK,1
111,1981,Lady,Kenny Rogers,0.362,0.183,3,-16.0,0,0.0347,0.861,0.000234,0.0932,0.2,136.646,231867,4,spotify:track:5Pj5zrq2nbKcAekH1AxbrO,https://api.spotify.com/v1/tracks/5Pj5zrq2nbKcAekH1AxbrO,https://api.spotify.com/v1/audio-analysis/5Pj5zrq2nbKcAekH1AxbrO,0
112,1981,The Rose,Bette Midler,0.347,0.228,0,-9.667,1,0.0296,0.901,0.0,0.38,0.184,133.574,221373,4,spotify:track:562JrM9b7jiu8LgzV62x3o,https://api.spotify.com/v1/tracks/562JrM9b7jiu8LgzV62x3o,https://api.spotify.com/v1/audio-analysis/562JrM9b7jiu8LgzV62x3o,0
113,1981,Fame,Irene Cara,0.714,0.802,3,-7.357,1,0.0323,0.0672,1.24e-05,0.0831,0.938,130.652,319027,4,spotify:track:38JtOksjkWmr9vAylvvqs6,https://api.spotify.com/v1/tracks/38JtOksjkWmr9vAylvvqs6,https://api.spotify.com/v1/audio-analysis/38JtOksjkWmr9vAylvvqs6,0
114,1981,"Theme from New York, New York",Frank Sinatra,0.408,0.414,2,-11.083,1,0.0297,0.282,0.0,0.153,0.576,107.469,206067,4,spotify:track:3QksrtI9VFCBHWA4rgvcV8,https://api.spotify.com/v1/tracks/3QksrtI9VFCBHWA4rgvcV8,https://api.spotify.com/v1/audio-analysis/3QksrtI9VFCBHWA4rgvcV8,0
115,1982,Arthur's Theme (Best That You Can Do),Christopher Cross,0.526,0.515,9,-11.169,1,0.0389,0.169,0.000816,0.181,0.518,136.543,234493,4,spotify:track:5fnOrhQ4KgT5irGCjIccGH,https://api.spotify.com/v1/tracks/5fnOrhQ4KgT5irGCjIccGH,https://api.spotify.com/v1/audio-analysis/5fnOrhQ4KgT5irGCjIccGH,0
116,1982,Endless Love,Diana Ross & Lionel Richie,0.454,0.157,0,-19.551,1,0.039,0.936,0.909,0.0852,0.231,96.313,269907,4,spotify:track:7j0XV1iJznHO5hFF1esjC5,https://api.spotify.com/v1/tracks/7j0XV1iJznHO5hFF1esjC5,https://api.spotify.com/v1/audio-analysis/7j0XV1iJznHO5hFF1esjC5,0
117,1982,9 to 5,Dolly Parton,0.554,0.783,6,-5.852,1,0.0457,0.416,1.54e-06,0.631,0.813,105.39,162467,4,spotify:track:4w3tQBXhn5345eUXDGBWZG,https://api.spotify.com/v1/tracks/4w3tQBXhn5345eUXDGBWZG,https://api.spotify.com/v1/audio-analysis/4w3tQBXhn5345eUXDGBWZG,0
118,1982,Just the Two of Us,Grover Washington Jr. with Bill Withers,0.803,0.488,1,-9.303,1,0.0803,0.576,0.0609,0.0763,0.624,95.771,237106,4,spotify:track:1ko2lVN0vKGUl9zrU0qSlT,https://api.spotify.com/v1/tracks/1ko2lVN0vKGUl9zrU0qSlT,https://api.spotify.com/v1/audio-analysis/1ko2lVN0vKGUl9zrU0qSlT,0
119,1982,"""Bette Davis Eyes"" *",Kim Carnes,0.675,0.649,5,-10.271,1,0.0319,0.0204,0.0,0.0959,0.596,116.624,228000,4,spotify:track:0odIT9B9BvOCnXfS0e4lB5,https://api.spotify.com/v1/tracks/0odIT9B9BvOCnXfS0e4lB5,https://api.spotify.com/v1/audio-analysis/0odIT9B9BvOCnXfS0e4lB5,1
120,1983,I.G.Y. (What a Beautiful World),Donald Fagen,0.722,0.208,8,-15.503,0,0.0797,0.89,0.922,0.261,0.645,61.511,337804,4,spotify:track:2cekzlZfy3ZI7Ccndp6dKC,https://api.spotify.com/v1/tracks/2cekzlZfy3ZI7Ccndp6dKC,https://api.spotify.com/v1/audio-analysis/2cekzlZfy3ZI7Ccndp6dKC,0
121,1983,Eye of the Tiger,Survivor,0.817,0.599,0,-9.249,0,0.0328,0.132,0.000311,0.0873,0.548,108.873,245640,4,spotify:track:2KH16WveTQWT6KOG9Rg6e2,https://api.spotify.com/v1/tracks/2KH16WveTQWT6KOG9Rg6e2,https://api.spotify.com/v1/audio-analysis/2KH16WveTQWT6KOG9Rg6e2,0
122,1983,Rosanna,Toto,0.365,0.513,7,-13.034,0,0.0357,0.0208,0.000147,0.205,0.739,80.647,331200,4,spotify:track:37BTh5g05cxBIRYMbw8g2T,https://api.spotify.com/v1/tracks/37BTh5g05cxBIRYMbw8g2T,https://api.spotify.com/v1/audio-analysis/37BTh5g05cxBIRYMbw8g2T,0
123,1983,Ebony and Ivory,Paul McCartney & Stevie Wonder,0.667,0.467,4,-14.583,1,0.0372,0.465,8.46e-06,0.172,0.658,163.871,217320,4,spotify:track:0GyZ6vrfws2U9EonPEnwSU,https://api.spotify.com/v1/tracks/0GyZ6vrfws2U9EonPEnwSU,https://api.spotify.com/v1/audio-analysis/0GyZ6vrfws2U9EonPEnwSU,0
124,1983,"""Always on My Mind""",Willie Nelson,0.524,0.261,2,-13.868,1,0.0272,0.755,0.00105,0.144,0.201,73.36,212667,4,spotify:track:2xYQTU2bbg6WVAmpY1eae4,https://api.spotify.com/v1/tracks/2xYQTU2bbg6WVAmpY1eae4,https://api.spotify.com/v1/audio-analysis/2xYQTU2bbg6WVAmpY1eae4,1
125,1984,All Night Long (All Night),Lionel Richie,0.739,0.576,1,-12.024,1,0.0472,0.122,0.00206,0.0482,0.78,108.81,260427,4,spotify:track:2Wb9ejnmy27DUTUe9YF5Ew,https://api.spotify.com/v1/tracks/2Wb9ejnmy27DUTUe9YF5Ew,https://api.spotify.com/v1/audio-analysis/2Wb9ejnmy27DUTUe9YF5Ew,0
126,1984,Maniac,Michael Sembello,0.617,0.533,3,-11.516,0,0.0651,0.0891,4.04e-06,0.0415,0.835,158.86,244707,4,spotify:track:0QKfiqpEU4h9ycPSzIFwYe,https://api.spotify.com/v1/tracks/0QKfiqpEU4h9ycPSzIFwYe,https://api.spotify.com/v1/audio-analysis/0QKfiqpEU4h9ycPSzIFwYe,0
127,1984,"""Every Breath You Take""",The Police,0.82,0.452,1,-9.796,1,0.0348,0.543,0.00294,0.0714,0.74,117.401,253920,4,spotify:track:1JSTJqkT5qHq8MDJnJbRE1,https://api.spotify.com/v1/tracks/1JSTJqkT5qHq8MDJnJbRE1,https://api.spotify.com/v1/audio-analysis/1JSTJqkT5qHq8MDJnJbRE1,1
128,1984,Beat It,Michael Jackson,0.779,0.867,3,-3.704,0,0.0457,0.0491,7.98e-06,0.197,0.915,138.858,258040,4,spotify:track:1OOtq8tRnDM8kG2gqUPjAj,https://api.spotify.com/v1/tracks/1OOtq8tRnDM8kG2gqUPjAj,https://api.spotify.com/v1/audio-analysis/1OOtq8tRnDM8kG2gqUPjAj,0
129,1984,Billie Jean,Michael Jackson,0.92,0.654,11,-3.051,0,0.0401,0.0236,0.0158,0.0359,0.847,117.046,293827,4,spotify:track:5ChkMS8OtdzJeqyybCc9R5,https://api.spotify.com/v1/tracks/5ChkMS8OtdzJeqyybCc9R5,https://api.spotify.com/v1/audio-analysis/5ChkMS8OtdzJeqyybCc9R5,0
130,1985,Hello,Lionel Richie,0.487,0.246,9,-14.104,0,0.0376,0.414,0.0,0.0983,0.0562,61.084,251107,4,spotify:track:0mHyWYXmmCB9iQyK18m3FQ,https://api.spotify.com/v1/tracks/0mHyWYXmmCB9iQyK18m3FQ,https://api.spotify.com/v1/audio-analysis/0mHyWYXmmCB9iQyK18m3FQ,0
131,1985,Against All Odds (Take a Look at Me Now),Phil Collins,0.58,0.498,1,-6.901,1,0.0277,0.198,0.0,0.132,0.111,116.271,206360,4,spotify:track:63CHa6rmamv9OsehkRD8oz,https://api.spotify.com/v1/tracks/63CHa6rmamv9OsehkRD8oz,https://api.spotify.com/v1/audio-analysis/63CHa6rmamv9OsehkRD8oz,0
132,1985,"""What's Love Got to Do with It"" *",Tina Turner,0.851,0.406,1,-11.631,1,0.0661,0.219,6.41e-06,0.0853,0.792,97.84,226880,4,spotify:track:4kOfxxnW1ukZdsNbCKY9br,https://api.spotify.com/v1/tracks/4kOfxxnW1ukZdsNbCKY9br,https://api.spotify.com/v1/audio-analysis/4kOfxxnW1ukZdsNbCKY9br,1
133,1985,I Just Called to Say I Love You,Stevie Wonder,0.75,0.564,1,-8.67,1,0.0236,0.179,0.0,0.0931,0.672,113.528,260613,4,spotify:track:1wkBYn5KJFZyNAO8mMHrOp,https://api.spotify.com/v1/tracks/1wkBYn5KJFZyNAO8mMHrOp,https://api.spotify.com/v1/audio-analysis/1wkBYn5KJFZyNAO8mMHrOp,0
134,1985,Time after Time,Cyndi Lauper,0.726,0.449,0,-9.206,1,0.0286,0.487,1.34e-06,0.0824,0.294,130.388,241333,4,spotify:track:7o9uu2GDtVDr9nsR7ZRN73,https://api.spotify.com/v1/tracks/7o9uu2GDtVDr9nsR7ZRN73,https://api.spotify.com/v1/audio-analysis/7o9uu2GDtVDr9nsR7ZRN73,0
135,1986,"""We Are the World"" *",USA for Africa,0.613,0.747,4,-6.59,1,0.0505,0.613,0.0,0.306,0.48,145.021,305067,4,spotify:track:7p1G7n72t0XpGeGUfJqn0Z,https://api.spotify.com/v1/tracks/7p1G7n72t0XpGeGUfJqn0Z,https://api.spotify.com/v1/audio-analysis/7p1G7n72t0XpGeGUfJqn0Z,1
136,1986,Money for Nothing,Dire Straits,0.667,0.655,2,-9.339,0,0.0367,0.0491,0.000894,0.0641,0.657,134.212,506400,4,spotify:track:4yqtwO7MQIIXqoiRBPHAgR,https://api.spotify.com/v1/tracks/4yqtwO7MQIIXqoiRBPHAgR,https://api.spotify.com/v1/audio-analysis/4yqtwO7MQIIXqoiRBPHAgR,0
137,1986,The Boys of Summer,Don Henley,0.516,0.549,6,-13.741,1,0.0373,0.501,0.00572,0.184,0.907,176.941,288733,4,spotify:track:4gvea7UlDkAvsJBPZAd4oB,https://api.spotify.com/v1/tracks/4gvea7UlDkAvsJBPZAd4oB,https://api.spotify.com/v1/audio-analysis/4gvea7UlDkAvsJBPZAd4oB,0
138,1986,I Want to Know What Love Is,Foreigner,0.477,0.471,6,-10.036,1,0.0277,0.193,1.76e-06,0.131,0.423,81.204,304787,4,spotify:track:1JLn8RhQzHz3qDqsChcmBl,https://api.spotify.com/v1/tracks/1JLn8RhQzHz3qDqsChcmBl,https://api.spotify.com/v1/audio-analysis/1JLn8RhQzHz3qDqsChcmBl,0
139,1986,Everytime You Go Away,Paul Young,0.607,0.643,5,-11.493,1,0.0435,0.177,0.000153,0.118,0.715,164.256,321573,4,spotify:track:0IpfTMKENGLJcULkMnU8Rb,https://api.spotify.com/v1/tracks/0IpfTMKENGLJcULkMnU8Rb,https://api.spotify.com/v1/audio-analysis/0IpfTMKENGLJcULkMnU8Rb,0
140,1987,Sledgehammer,Peter Gabriel,0.641,0.682,8,-7.561,1,0.0392,0.044,0.0,0.0394,0.468,96.319,311986,4,spotify:track:4AUS8KNz7zX8XFu9L38GT0,https://api.spotify.com/v1/tracks/4AUS8KNz7zX8XFu9L38GT0,https://api.spotify.com/v1/audio-analysis/4AUS8KNz7zX8XFu9L38GT0,0
141,1987,Addicted to Love,Robert Palmer,0.702,0.578,2,-13.415,1,0.031,0.382,5.89e-06,0.0425,0.975,111.617,363640,4,spotify:track:5izGeTxueiFX1UPFGohY9w,https://api.spotify.com/v1/tracks/5izGeTxueiFX1UPFGohY9w,https://api.spotify.com/v1/audio-analysis/5izGeTxueiFX1UPFGohY9w,0
142,1987,Graceland,Paul Simon,0.732,0.705,9,-9.271,1,0.0349,0.626,0.00068,0.0813,0.848,117.925,291200,4,spotify:track:51KKQAgYFoJHgVIuJWHdHb,https://api.spotify.com/v1/tracks/51KKQAgYFoJHgVIuJWHdHb,https://api.spotify.com/v1/audio-analysis/51KKQAgYFoJHgVIuJWHdHb,0
143,1987,"""That's What Friends Are For""","Dionne Warwick & Friends (Elton John, Gladys Knight & Stevie Wonder)",0.673,0.286,8,-14.643,1,0.0313,0.294,0.0,0.086,0.199,120.117,256467,4,spotify:track:1cOj24fUMnBSXhtp7waHVW,https://api.spotify.com/v1/tracks/1cOj24fUMnBSXhtp7waHVW,https://api.spotify.com/v1/audio-analysis/1cOj24fUMnBSXhtp7waHVW,1
144,1987,Higher Love,Steve Winwood,0.701,0.89,5,-6.604,1,0.0439,0.0512,0.0807,0.493,0.912,98.765,252253,4,spotify:track:2HcokWTBGI5EjGeNVLgd8Q,https://api.spotify.com/v1/tracks/2HcokWTBGI5EjGeNVLgd8Q,https://api.spotify.com/v1/audio-analysis/2HcokWTBGI5EjGeNVLgd8Q,0
145,1988,La Bamba,Los Lobos,0.506,0.764,0,-12.239,1,0.046,0.144,0.00025,0.247,0.868,156.336,174187,4,spotify:track:0uMMLry3hzWGn3q3loqMkm,https://api.spotify.com/v1/tracks/0uMMLry3hzWGn3q3loqMkm,https://api.spotify.com/v1/audio-analysis/0uMMLry3hzWGn3q3loqMkm,0
146,1988,I Still Haven't Found What I'm Looking For,U2,0.564,0.774,1,-9.424,1,0.0368,0.0135,0.00191,0.0861,0.657,100.894,277477,4,spotify:track:6wpGqhRvJGNNXwWlPmkMyO,https://api.spotify.com/v1/tracks/6wpGqhRvJGNNXwWlPmkMyO,https://api.spotify.com/v1/audio-analysis/6wpGqhRvJGNNXwWlPmkMyO,0
147,1988,Luka,Suzanne Vega,0.63,0.697,6,-10.654,1,0.0311,0.189,0.000258,0.116,0.796,124.956,231933,4,spotify:track:5yMXAaSvxo12QkYU75Ixv0,https://api.spotify.com/v1/tracks/5yMXAaSvxo12QkYU75Ixv0,https://api.spotify.com/v1/audio-analysis/5yMXAaSvxo12QkYU75Ixv0,0
148,1988,Didn't We Almost Have It All,Whitney Houston,0.54,0.49,10,-10.151,1,0.027,0.414,0.000896,0.142,0.336,130.992,305067,4,spotify:track:19wadMw1A8XejDV4p5wMt1,https://api.spotify.com/v1/tracks/19wadMw1A8XejDV4p5wMt1,https://api.spotify.com/v1/audio-analysis/19wadMw1A8XejDV4p5wMt1,0
149,1988,"""Somewhere Out There""",Linda Ronstadt & James Ingram,0.375,0.411,0,-10.127,1,0.028,0.361,4.9e-06,0.157,0.0981,159.973,234359,4,spotify:track:0D2ZsTpMQFY0po4VrW5BtE,https://api.spotify.com/v1/tracks/0D2ZsTpMQFY0po4VrW5BtE,https://api.spotify.com/v1/audio-analysis/0D2ZsTpMQFY0po4VrW5BtE,1
150,1989,Fast Car,Tracy Chapman,0.711,0.292,4,-15.523,0,0.037,0.313,0.0,0.131,0.194,103.951,296800,4,spotify:track:2M9ro2krNb7nr7HSprkEgo,https://api.spotify.com/v1/tracks/2M9ro2krNb7nr7HSprkEgo,https://api.spotify.com/v1/audio-analysis/2M9ro2krNb7nr7HSprkEgo,0
151,1989,Giving You the Best That I Got,Anita Baker,0.637,0.542,9,-8.173,1,0.0356,0.765,0.0,0.302,0.38,105.322,233973,4,spotify:track:4FKHWhLF2dyjcoSnGlktw4,https://api.spotify.com/v1/tracks/4FKHWhLF2dyjcoSnGlktw4,https://api.spotify.com/v1/audio-analysis/4FKHWhLF2dyjcoSnGlktw4,0
152,1989,Piano in the Dark,Brenda Russell,0.729,0.316,0,-17.054,0,0.0248,0.403,8.55e-05,0.0998,0.432,99.729,320800,4,spotify:track:70RPjUR5l0jmBQndfNXP0z,https://api.spotify.com/v1/tracks/70RPjUR5l0jmBQndfNXP0z,https://api.spotify.com/v1/audio-analysis/70RPjUR5l0jmBQndfNXP0z,0
153,1989,"""Don't Worry, Be Happy"" *",Bobby McFerrin,0.675,0.166,11,-22.602,1,0.171,0.88,7.14e-05,0.0461,0.747,68.837,294400,4,spotify:track:4hObp5bmIJ3PP3cKA9K9GY,https://api.spotify.com/v1/tracks/4hObp5bmIJ3PP3cKA9K9GY,https://api.spotify.com/v1/audio-analysis/4hObp5bmIJ3PP3cKA9K9GY,1
154,1989,Be Still My Beating Heart,Sting,0.659,0.468,7,-16.647,1,0.0395,0.266,0.000525,0.0427,0.505,101.422,334133,4,spotify:track:58me6gfG81fNG4v3dpRhh5,https://api.spotify.com/v1/tracks/58me6gfG81fNG4v3dpRhh5,https://api.spotify.com/v1/audio-analysis/58me6gfG81fNG4v3dpRhh5,0
155,1990,"""Wind Beneath My Wings"" *",Bette Midler,0.51,0.458,10,-7.566,1,0.0289,0.551,0.0,0.0853,0.177,123.694,293853,4,spotify:track:2Pxqs0WmxxHTV5QaTdmt3Q,https://api.spotify.com/v1/tracks/2Pxqs0WmxxHTV5QaTdmt3Q,https://api.spotify.com/v1/audio-analysis/2Pxqs0WmxxHTV5QaTdmt3Q,1
156,1990,Don't Know Much,Linda Ronstadt & Aaron Neville,0.247,0.181,1,-15.072,1,0.0393,0.923,7.89e-05,0.0925,0.294,67.467,219640,4,spotify:track:38I0z6FhSW6xailUkpAyZp,https://api.spotify.com/v1/tracks/38I0z6FhSW6xailUkpAyZp,https://api.spotify.com/v1/audio-analysis/38I0z6FhSW6xailUkpAyZp,0
157,1990,The End of the Innocence,Don Henley,0.623,0.425,8,-13.045,1,0.0291,0.306,8.65e-05,0.108,0.392,116.593,315307,4,spotify:track:3NWcFiL6oCEagrFiTdDr1m,https://api.spotify.com/v1/tracks/3NWcFiL6oCEagrFiTdDr1m,https://api.spotify.com/v1/audio-analysis/3NWcFiL6oCEagrFiTdDr1m,0
158,1990,We Didn't Start the Fire,Billy Joel,0.712,0.967,7,-5.206,1,0.047,0.0771,0.0,0.356,0.895,145.024,287733,4,spotify:track:3Cx4yrFaX8CeHwBMReOWXI,https://api.spotify.com/v1/tracks/3Cx4yrFaX8CeHwBMReOWXI,https://api.spotify.com/v1/audio-analysis/3Cx4yrFaX8CeHwBMReOWXI,0
159,1990,The Living Years,Mike + The Mechanics,0.518,0.417,8,-13.268,1,0.0325,0.58,0.0,0.0722,0.311,97.63,330267,4,spotify:track:7tJnjRY2js0yXtNUWE4fgF,https://api.spotify.com/v1/tracks/7tJnjRY2js0yXtNUWE4fgF,https://api.spotify.com/v1/audio-analysis/7tJnjRY2js0yXtNUWE4fgF,0
160,1991,"""From a Distance""",Bette Midler,0.536,0.242,7,-11.716,1,0.0277,0.674,0.0,0.331,0.331,137.989,276346,4,spotify:track:48eiLW57CqSmCYNZRM2J8M,https://api.spotify.com/v1/tracks/48eiLW57CqSmCYNZRM2J8M,https://api.spotify.com/v1/audio-analysis/48eiLW57CqSmCYNZRM2J8M,1
161,1991,Vision of Love,Mariah Carey,0.256,0.464,5,-10.959,1,0.0382,0.433,0.0,0.121,0.355,205.362,209293,3,spotify:track:0gLQ6jhJsyYfl7PrD1RZ7X,https://api.spotify.com/v1/tracks/0gLQ6jhJsyYfl7PrD1RZ7X,https://api.spotify.com/v1/audio-analysis/0gLQ6jhJsyYfl7PrD1RZ7X,0
162,1991,Another Day in Paradise,Phil Collins,0.78,0.565,3,-7.32,0,0.0306,0.736,0.00269,0.063,0.365,101.967,322133,4,spotify:track:1NCuYqMc8hKMb4cpNTcJbD,https://api.spotify.com/v1/tracks/1NCuYqMc8hKMb4cpNTcJbD,https://api.spotify.com/v1/audio-analysis/1NCuYqMc8hKMb4cpNTcJbD,0
163,1991,Nothing Compares 2 U,Sinéad O'Connor,0.511,0.574,5,-7.016,1,0.0273,0.0425,2.33e-05,0.105,0.161,119.917,280040,4,spotify:track:3nvuPQTw2zuFAVuLsC9IYQ,https://api.spotify.com/v1/tracks/3nvuPQTw2zuFAVuLsC9IYQ,https://api.spotify.com/v1/audio-analysis/3nvuPQTw2zuFAVuLsC9IYQ,0
164,1991,Hold On,Wilson Phillips,0.679,0.657,5,-9.897,1,0.0255,0.4,0.0,0.0497,0.546,97.8,266867,4,spotify:track:4VZDv8sASBS8UruUBGTFdk,https://api.spotify.com/v1/tracks/4VZDv8sASBS8UruUBGTFdk,https://api.spotify.com/v1/audio-analysis/4VZDv8sASBS8UruUBGTFdk,0
165,1992,(Everything I Do) I Do It for You,Bryan Adams,0.526,0.365,1,-12.605,1,0.028,0.0775,1.35e-05,0.0618,0.253,131.253,394133,4,spotify:track:6eBK3edMW7bEzecF1eCezc,https://api.spotify.com/v1/tracks/6eBK3edMW7bEzecF1eCezc,https://api.spotify.com/v1/audio-analysis/6eBK3edMW7bEzecF1eCezc,0
166,1992,Losing My Religion,R.E.M.,0.666,0.855,9,-5.051,0,0.0295,0.179,1.2e-06,0.0987,0.803,125.639,268427,4,spotify:track:31AOj9sFz2gM0O3hMARRBx,https://api.spotify.com/v1/tracks/31AOj9sFz2gM0O3hMARRBx,https://api.spotify.com/v1/audio-analysis/31AOj9sFz2gM0O3hMARRBx,0
167,1992,Walking in Memphis,Marc Cohn,0.567,0.512,0,-8.831,1,0.0357,0.547,0.0,0.296,0.334,130.269,252613,4,spotify:track:5fgkjhICZnqFctrV0AyuQD,https://api.spotify.com/v1/tracks/5fgkjhICZnqFctrV0AyuQD,https://api.spotify.com/v1/audio-analysis/5fgkjhICZnqFctrV0AyuQD,0
168,1992,"""Unforgettable"" *",Natalie Cole (With Nat King Cole),0.307,0.289,5,-13.369,1,0.0281,0.851,0.000126,0.0798,0.145,85.948,210907,4,spotify:track:48D177fBErMz5p4zeAW1N5,https://api.spotify.com/v1/tracks/48D177fBErMz5p4zeAW1N5,https://api.spotify.com/v1/audio-analysis/48D177fBErMz5p4zeAW1N5,1
169,1992,Baby Baby,Amy Grant,0.702,0.901,1,-4.45,1,0.0264,0.426,0.00153,0.0368,0.919,97.862,236973,4,spotify:track:3IDsegNBHC4pjGCOMTQYlU,https://api.spotify.com/v1/tracks/3IDsegNBHC4pjGCOMTQYlU,https://api.spotify.com/v1/audio-analysis/3IDsegNBHC4pjGCOMTQYlU,0
170,1993,"""Tears in Heaven"" *",Eric Clapton,0.695,0.336,9,-12.999,1,0.0313,0.8,0.00264,0.701,0.422,79.109,280000,4,spotify:track:612VcBshQcy4mpB2utGc3H,https://api.spotify.com/v1/tracks/612VcBshQcy4mpB2utGc3H,https://api.spotify.com/v1/audio-analysis/612VcBshQcy4mpB2utGc3H,1
171,1993,Constant Craving,k.d. lang,0.6,0.77,5,-5.559,0,0.0302,0.0603,4.79e-06,0.0967,0.321,128.473,277240,4,spotify:track:0wCrg1LhgPcGMw51qqpI6k,https://api.spotify.com/v1/tracks/0wCrg1LhgPcGMw51qqpI6k,https://api.spotify.com/v1/audio-analysis/0wCrg1LhgPcGMw51qqpI6k,0
172,1993,Save the Best for Last,Vanessa Williams,0.528,0.234,3,-15.784,1,0.0283,0.641,0.0,0.183,0.191,95.911,218733,4,spotify:track:7okbmgA8lRBGl5limZ7LFM,https://api.spotify.com/v1/tracks/7okbmgA8lRBGl5limZ7LFM,https://api.spotify.com/v1/audio-analysis/7okbmgA8lRBGl5limZ7LFM,0
173,1994,"""A Whole New World""",Peabo Bryson & Regina Belle,0.383,0.2,10,-15.554,1,0.0291,0.248,0.676,0.111,0.16,105.865,253573,4,spotify:track:0NbukFzhwpqjhdxKBct5Mv,https://api.spotify.com/v1/tracks/0NbukFzhwpqjhdxKBct5Mv,https://api.spotify.com/v1/audio-analysis/0NbukFzhwpqjhdxKBct5Mv,1
174,1994,The River of Dreams,Billy Joel,0.631,0.749,7,-8.15,1,0.0576,0.205,5.21e-06,0.0667,0.437,89.646,247627,4,spotify:track:30qVCFYKBtAENjTIBA8FPZ,https://api.spotify.com/v1/tracks/30qVCFYKBtAENjTIBA8FPZ,https://api.spotify.com/v1/audio-analysis/30qVCFYKBtAENjTIBA8FPZ,0
175,1994,I'd Do Anything for Love (But I Won't Do That),Meat Loaf,0.419,0.672,2,-6.353,1,0.092,0.623,0.0,0.412,0.304,105.212,316467,4,spotify:track:391CwgcBxvUHmEKda2b5In,https://api.spotify.com/v1/tracks/391CwgcBxvUHmEKda2b5In,https://api.spotify.com/v1/audio-analysis/391CwgcBxvUHmEKda2b5In,0
176,1994,If I Ever Lose My Faith in You,Sting,0.575,0.727,2,-9.539,1,0.0281,0.00952,0.00754,0.054,0.504,97.995,270533,4,spotify:track:05vL56xSoxthM0r7IfcQjo,https://api.spotify.com/v1/tracks/05vL56xSoxthM0r7IfcQjo,https://api.spotify.com/v1/audio-analysis/05vL56xSoxthM0r7IfcQjo,0
177,1994,Harvest Moon,Neil Young,0.648,0.309,2,-12.432,1,0.0264,0.526,0.000249,0.124,0.407,112.929,303213,4,spotify:track:5l9c6bJmzvftumhz4TMPgk,https://api.spotify.com/v1/tracks/5l9c6bJmzvftumhz4TMPgk,https://api.spotify.com/v1/audio-analysis/5l9c6bJmzvftumhz4TMPgk,0
178,1995,Circle of Life,Elton John,0.276,0.607,10,-8.089,1,0.0369,0.283,0.44,0.107,0.157,160.45,290093,4,spotify:track:7em38Hh2sKwnZ1HDgxvg82,https://api.spotify.com/v1/tracks/7em38Hh2sKwnZ1HDgxvg82,https://api.spotify.com/v1/audio-analysis/7em38Hh2sKwnZ1HDgxvg82,0
179,1995,Can You Feel the Love Tonight,Elton John,0.297,0.364,10,-9.261,1,0.0305,0.813,0.000761,0.0976,0.149,122.598,240000,4,spotify:track:67HKtdqchK0rmODxsBeWT8,https://api.spotify.com/v1/tracks/67HKtdqchK0rmODxsBeWT8,https://api.spotify.com/v1/audio-analysis/67HKtdqchK0rmODxsBeWT8,0
180,1995,All I Wanna Do,Sheryl Crow,0.82,0.528,9,-11.179,1,0.0321,0.111,0.0186,0.257,0.931,120.091,272107,4,spotify:track:3ZpQiJ78LKINrW9SQTgbXd,https://api.spotify.com/v1/tracks/3ZpQiJ78LKINrW9SQTgbXd,https://api.spotify.com/v1/audio-analysis/3ZpQiJ78LKINrW9SQTgbXd,0
181,1995,"""Streets of Philadelphia""",Bruce Springsteen,0.741,0.29,5,-13.251,1,0.0302,0.294,0.118,0.0924,0.443,93.699,195080,4,spotify:track:3fbnbn6A5O5RNb08tlUEgd,https://api.spotify.com/v1/tracks/3fbnbn6A5O5RNb08tlUEgd,https://api.spotify.com/v1/audio-analysis/3fbnbn6A5O5RNb08tlUEgd,1
182,1996,"""Kiss from a Rose"" *",Seal,0.583,0.532,10,-7.11,0,0.0309,0.684,0.0,0.306,0.223,131.741,288427,3,spotify:track:3YKptz29AsOlm7WAVnztBh,https://api.spotify.com/v1/tracks/3YKptz29AsOlm7WAVnztBh,https://api.spotify.com/v1/audio-analysis/3YKptz29AsOlm7WAVnztBh,1
183,1996,One of Us,Joan Osborne,0.316,0.499,9,-7.899,1,0.0298,0.0108,1.81e-05,0.126,0.403,174.782,320467,4,spotify:track:1xNmF1Uep5OGutizZSbKvd,https://api.spotify.com/v1/tracks/1xNmF1Uep5OGutizZSbKvd,https://api.spotify.com/v1/audio-analysis/1xNmF1Uep5OGutizZSbKvd,0
184,1996,You Are Not Alone,Michael Jackson,0.651,0.402,11,-9.303,1,0.028,0.639,7.73e-05,0.0765,0.258,119.873,345600,4,spotify:track:3AoeaZs8dFemFJr3JdzOL0,https://api.spotify.com/v1/tracks/3AoeaZs8dFemFJr3JdzOL0,https://api.spotify.com/v1/audio-analysis/3AoeaZs8dFemFJr3JdzOL0,0
185,1996,You Oughta Know,Alanis Morissette,0.665,0.834,4,-7.737,1,0.0576,0.21,0.0,0.452,0.411,105.292,249493,4,spotify:track:3jS7bB0oXVOwGFZn3aE5NV,https://api.spotify.com/v1/tracks/3jS7bB0oXVOwGFZn3aE5NV,https://api.spotify.com/v1/audio-analysis/3jS7bB0oXVOwGFZn3aE5NV,0
186,1997,Because You Loved Me,Celine Dion,0.615,0.467,1,-9.883,1,0.0327,0.314,0.0,0.099,0.177,119.919,273667,4,spotify:track:28UMiBhn383n9S7GL4tsxD,https://api.spotify.com/v1/tracks/28UMiBhn383n9S7GL4tsxD,https://api.spotify.com/v1/audio-analysis/28UMiBhn383n9S7GL4tsxD,0
187,1997,Blue,LeAnn Rimes,0.545,0.452,4,-8.604,1,0.0248,0.595,1.29e-06,0.161,0.297,91.294,169547,4,spotify:track:1g5EcKDECPxeI7kgkvcbxm,https://api.spotify.com/v1/tracks/1g5EcKDECPxeI7kgkvcbxm,https://api.spotify.com/v1/audio-analysis/1g5EcKDECPxeI7kgkvcbxm,0
188,1997,Exhale (Shoop Shoop),Whitney Houston,0.661,0.394,1,-9.032,1,0.0318,0.401,0.0,0.119,0.107,137.954,204333,4,spotify:track:1X3ypzPnyerpZuMqrDFK29,https://api.spotify.com/v1/tracks/1X3ypzPnyerpZuMqrDFK29,https://api.spotify.com/v1/audio-analysis/1X3ypzPnyerpZuMqrDFK29,0
189,1997,"""Change the World"" *",Eric Clapton,0.721,0.558,9,-8.8,1,0.0246,0.492,0.00563,0.113,0.542,96.887,234867,4,spotify:track:6BQNJ0JFKh8sWjQLI6Zudi,https://api.spotify.com/v1/tracks/6BQNJ0JFKh8sWjQLI6Zudi,https://api.spotify.com/v1/audio-analysis/6BQNJ0JFKh8sWjQLI6Zudi,1
190,1997,Give Me One Reason,Tracy Chapman,0.608,0.419,11,-10.016,1,0.0331,0.602,7.58e-06,0.108,0.602,100.22,268333,4,spotify:track:4vDBJeeQCbhP9FaPPMsYkY,https://api.spotify.com/v1/tracks/4vDBJeeQCbhP9FaPPMsYkY,https://api.spotify.com/v1/audio-analysis/4vDBJeeQCbhP9FaPPMsYkY,0
191,1998,Don't Speak,No Doubt,0.52,0.709,5,-7.125,0,0.0352,0.247,1.78e-05,0.18,0.536,76.039,263560,4,spotify:track:6urCAbunOQI4bLhmGpX7iS,https://api.spotify.com/v1/tracks/6urCAbunOQI4bLhmGpX7iS,https://api.spotify.com/v1/audio-analysis/6urCAbunOQI4bLhmGpX7iS,0
192,1998,I Believe I Can Fly,R. Kelly,0.572,0.538,7,-5.241,1,0.0279,0.151,0.0,0.0754,0.0584,120.455,284800,4,spotify:track:2KeRxlnuTrK1d5l5Mpa5De,https://api.spotify.com/v1/tracks/2KeRxlnuTrK1d5l5Mpa5De,https://api.spotify.com/v1/audio-analysis/2KeRxlnuTrK1d5l5Mpa5De,0
193,1998,Where Have All the Cowboys Gone?,Paula Cole,0.588,0.826,11,-6.182,0,0.0569,0.0351,0.0,0.454,0.621,129.021,263653,4,spotify:track:2ck13qfgRZ1msyEJlDqzvk,https://api.spotify.com/v1/tracks/2ck13qfgRZ1msyEJlDqzvk,https://api.spotify.com/v1/audio-analysis/2ck13qfgRZ1msyEJlDqzvk,0
194,1998,"""Sunny Came Home"" *",Shawn Colvin,0.554,0.58,11,-8.05,0,0.0322,0.344,0.00842,0.0989,0.402,167.83,264200,4,spotify:track:4mOxpj82q6n3EO7HBZCelX,https://api.spotify.com/v1/tracks/4mOxpj82q6n3EO7HBZCelX,https://api.spotify.com/v1/audio-analysis/4mOxpj82q6n3EO7HBZCelX,1
195,1999,Lean on Me,Kirk Franklin,0.517,0.464,5,-8.021,1,0.0275,0.269,0.0,0.0827,0.162,106.395,309067,4,spotify:track:4IyemaA2yUElYlOiCV1vGC,https://api.spotify.com/v1/tracks/4IyemaA2yUElYlOiCV1vGC,https://api.spotify.com/v1/audio-analysis/4IyemaA2yUElYlOiCV1vGC,0
196,1999,You're Still the One,Shania Twain,0.585,0.494,3,-8.751,1,0.0353,0.363,0.0,0.0886,0.634,133.822,212200,4,spotify:track:1wb4P4F0sxAQ2KXrRvsx6n,https://api.spotify.com/v1/tracks/1wb4P4F0sxAQ2KXrRvsx6n,https://api.spotify.com/v1/audio-analysis/1wb4P4F0sxAQ2KXrRvsx6n,0
197,1999,Iris,The Goo Goo Dolls,0.315,0.715,11,-8.072,0,0.0362,0.00125,7.97e-06,0.0942,0.497,155.925,289533,3,spotify:track:6Qyc6fS4DsZjB2mRW9DsQs,https://api.spotify.com/v1/tracks/6Qyc6fS4DsZjB2mRW9DsQs,https://api.spotify.com/v1/audio-analysis/6Qyc6fS4DsZjB2mRW9DsQs,0
198,1999,I Don't Want to Miss a Thing,Aerosmith,0.383,0.662,2,-5.162,1,0.0333,0.165,0.0,0.248,0.138,121.154,298760,4,spotify:track:225xvV8r1yKMHErSWivnow,https://api.spotify.com/v1/tracks/225xvV8r1yKMHErSWivnow,https://api.spotify.com/v1/audio-analysis/225xvV8r1yKMHErSWivnow,0
199,1999,"""My Heart Will Go On"" *",Celine Dion,0.428,0.276,4,-11.729,1,0.0312,0.732,5.33e-06,0.117,0.0382,99.195,280000,1,spotify:track:33LC84JgLvK2KuW43MfaNq,https://api.spotify.com/v1/tracks/33LC84JgLvK2KuW43MfaNq,https://api.spotify.com/v1/audio-analysis/33LC84JgLvK2KuW43MfaNq,1
200,2000,"""Smooth"" *",Santana featuring Rob Thomas,0.691,0.764,9,-8.883,1,0.0386,0.112,0.00419,0.0509,0.833,115.98,240013,4,spotify:track:43SYrak1BFNzVGvFPDC5cS,https://api.spotify.com/v1/tracks/43SYrak1BFNzVGvFPDC5cS,https://api.spotify.com/v1/audio-analysis/43SYrak1BFNzVGvFPDC5cS,1
201,2000,I Want It That Way,Backstreet Boys,0.689,0.694,6,-5.83,0,0.027,0.257,0.0,0.148,0.482,99.039,213307,4,spotify:track:47BBI51FKFwOMlIiX6m8ya,https://api.spotify.com/v1/tracks/47BBI51FKFwOMlIiX6m8ya,https://api.spotify.com/v1/audio-analysis/47BBI51FKFwOMlIiX6m8ya,0
202,2000,Livin' la Vida Loca,Ricky Martin,0.425,0.954,1,-3.756,0,0.0476,0.00411,0.0,0.0555,0.933,178.043,243160,4,spotify:track:0Ph6L4l8dYUuXFmb71Ajnd,https://api.spotify.com/v1/tracks/0Ph6L4l8dYUuXFmb71Ajnd,https://api.spotify.com/v1/audio-analysis/0Ph6L4l8dYUuXFmb71Ajnd,0
203,2000,Unpretty,TLC,0.648,0.622,7,-6.063,1,0.0428,0.00152,5.97e-05,0.109,0.51,88.684,278067,4,spotify:track:0BUoLE4o9eVahDHvTqak67,https://api.spotify.com/v1/tracks/0BUoLE4o9eVahDHvTqak67,https://api.spotify.com/v1/audio-analysis/0BUoLE4o9eVahDHvTqak67,0
204,2000,You've Got a Way,Shania Twain,0.552,0.575,9,-7.323,1,0.0307,0.367,0.0,0.236,0.249,134.165,199200,4,spotify:track:3E714D9pZURRdgJ6iGhc8E,https://api.spotify.com/v1/tracks/3E714D9pZURRdgJ6iGhc8E,https://api.spotify.com/v1/audio-analysis/3E714D9pZURRdgJ6iGhc8E,0
205,2001,I Try,Macy Gray,0.593,0.642,2,-7.284,1,0.0299,0.313,0.000582,0.0804,0.736,76.403,239440,4,spotify:track:5TAf4lnZCZTLlZHNZMLFLi,https://api.spotify.com/v1/tracks/5TAf4lnZCZTLlZHNZMLFLi,https://api.spotify.com/v1/audio-analysis/5TAf4lnZCZTLlZHNZMLFLi,0
206,2001,Say My Name,Destiny's Child,0.713,0.678,5,-3.525,0,0.102,0.273,0.0,0.149,0.734,138.009,271333,4,spotify:track:7H6ev70Weq6DdpZyyTmUXk,https://api.spotify.com/v1/tracks/7H6ev70Weq6DdpZyyTmUXk,https://api.spotify.com/v1/audio-analysis/7H6ev70Weq6DdpZyyTmUXk,0
207,2001,I Hope You Dance,Lee Ann Womack,0.385,0.443,7,-9.627,0,0.0295,0.0632,0.0,0.0898,0.275,151.278,294533,4,spotify:track:65B1tEOv5W294uCKbmEcFV,https://api.spotify.com/v1/tracks/65B1tEOv5W294uCKbmEcFV,https://api.spotify.com/v1/audio-analysis/65B1tEOv5W294uCKbmEcFV,0
208,2001,Breathe,Faith Hill,0.529,0.496,7,-9.007,1,0.029,0.173,0.0,0.251,0.278,136.859,250547,4,spotify:track:3y4LxiYMgDl4RethdzpmNe,https://api.spotify.com/v1/tracks/3y4LxiYMgDl4RethdzpmNe,https://api.spotify.com/v1/audio-analysis/3y4LxiYMgDl4RethdzpmNe,0
209,2001,"""Beautiful Day"" *",U2,0.539,0.926,2,-6.495,1,0.0499,0.014,0.00136,0.36,0.454,136.279,246400,4,spotify:track:1VuBmEauSZywQVtqbxNqka,https://api.spotify.com/v1/tracks/1VuBmEauSZywQVtqbxNqka,https://api.spotify.com/v1/audio-analysis/1VuBmEauSZywQVtqbxNqka,1
210,2002,Video,India.Arie,0.652,0.604,9,-8.766,0,0.227,0.111,1.01e-05,0.0409,0.675,170.003,249960,4,spotify:track:4oiAlcisfimXQc1wyAtX9a,https://api.spotify.com/v1/tracks/4oiAlcisfimXQc1wyAtX9a,https://api.spotify.com/v1/audio-analysis/4oiAlcisfimXQc1wyAtX9a,0
211,2002,Drops of Jupiter (Tell Me),Train,0.468,0.64,0,-5.862,1,0.0275,0.154,0.0,0.154,0.499,79.297,259933,4,spotify:track:2hKdd3qO7cWr2Jo0Bcs0MA,https://api.spotify.com/v1/tracks/2hKdd3qO7cWr2Jo0Bcs0MA,https://api.spotify.com/v1/audio-analysis/2hKdd3qO7cWr2Jo0Bcs0MA,0
212,2002,Stuck in a Moment You Can't Get Out Of,U2,0.524,0.644,4,-4.986,1,0.0238,0.391,0.000246,0.168,0.324,158.52,271800,4,spotify:track:3xjTuTBaihydhSC7ByNoSb,https://api.spotify.com/v1/tracks/3xjTuTBaihydhSC7ByNoSb,https://api.spotify.com/v1/audio-analysis/3xjTuTBaihydhSC7ByNoSb,0
213,2002,I'm Like a Bird,Nelly Furtado,0.622,0.608,10,-5.085,1,0.036,0.138,5.38e-06,0.273,0.607,89.661,243160,4,spotify:track:4sUoWHVnJl8z3t4zdqf6xB,https://api.spotify.com/v1/tracks/4sUoWHVnJl8z3t4zdqf6xB,https://api.spotify.com/v1/audio-analysis/4sUoWHVnJl8z3t4zdqf6xB,0
214,2002,"""Fallin'""",Alicia Keys,0.653,0.609,11,-7.519,0,0.037,0.263,0.00101,0.233,0.482,95.982,210200,3,spotify:track:3unsLiH5FXmaDWtT5Imolu,https://api.spotify.com/v1/tracks/3unsLiH5FXmaDWtT5Imolu,https://api.spotify.com/v1/audio-analysis/3unsLiH5FXmaDWtT5Imolu,1
215,2003,A Thousand Miles,Vanessa Carlton,0.56,0.825,11,-3.862,1,0.0379,0.323,0.0,0.161,0.268,94.931,237493,4,spotify:track:4w1lzcaoZ1IC2K5TwjalRP,https://api.spotify.com/v1/tracks/4w1lzcaoZ1IC2K5TwjalRP,https://api.spotify.com/v1/audio-analysis/4w1lzcaoZ1IC2K5TwjalRP,0
216,2003,Where Were You (When the World Stopped Turning),Alan Jackson,0.623,0.387,0,-9.537,1,0.0316,0.549,0.0,0.0764,0.189,115.362,305093,4,spotify:track:3eSwvMfSA0Fyku6Ak5JEw0,https://api.spotify.com/v1/tracks/3eSwvMfSA0Fyku6Ak5JEw0,https://api.spotify.com/v1/audio-analysis/3eSwvMfSA0Fyku6Ak5JEw0,0
217,2003,The Rising,Bruce Springsteen,0.499,0.761,10,-6.381,1,0.0324,0.0655,0.0,0.0895,0.326,110.186,287040,4,spotify:track:2czBvzOv3TvnyoW7Ozo7fP,https://api.spotify.com/v1/tracks/2czBvzOv3TvnyoW7Ozo7fP,https://api.spotify.com/v1/audio-analysis/2czBvzOv3TvnyoW7Ozo7fP,0
218,2003,"""Don't Know Why"" *",Norah Jones,0.732,0.198,5,-11.775,1,0.028,0.883,1.1e-05,0.0659,0.618,88.174,186147,4,spotify:track:6ybViy2qrO9sIi41EgRJgx,https://api.spotify.com/v1/tracks/6ybViy2qrO9sIi41EgRJgx,https://api.spotify.com/v1/audio-analysis/6ybViy2qrO9sIi41EgRJgx,1
219,2004,I'm with You,Avril Lavigne,0.457,0.406,9,-7.462,1,0.0291,0.08,0.0,0.117,0.208,151.95,223067,3,spotify:track:1jlG3KJ3gdYmhfuySFfpO1,https://api.spotify.com/v1/tracks/1jlG3KJ3gdYmhfuySFfpO1,https://api.spotify.com/v1/audio-analysis/1jlG3KJ3gdYmhfuySFfpO1,0
220,2004,"""Dance with My Father""",Luther Vandross,0.739,0.341,10,-9.971,1,0.0378,0.525,1.1e-06,0.072,0.231,80.958,266000,4,spotify:track:7snmvZMLdGGk3l9PcvoYSM,https://api.spotify.com/v1/tracks/7snmvZMLdGGk3l9PcvoYSM,https://api.spotify.com/v1/audio-analysis/7snmvZMLdGGk3l9PcvoYSM,1
221,2004,Beautiful,Christina Aguilera,0.456,0.573,5,-3.866,0,0.0275,0.578,3.05e-06,0.114,0.0992,76.19,238560,4,spotify:track:3TCauNPqFiniaYHBvEVoHG,https://api.spotify.com/v1/tracks/3TCauNPqFiniaYHBvEVoHG,https://api.spotify.com/v1/audio-analysis/3TCauNPqFiniaYHBvEVoHG,0
222,2004,Keep Me In Your Heart,Warren Zevon,0.427,0.393,7,-9.142,1,0.0418,0.832,1.54e-06,0.0932,0.244,177.429,208027,4,spotify:track:1zSzJAosfqJugLx7mZl5xt,https://api.spotify.com/v1/tracks/1zSzJAosfqJugLx7mZl5xt,https://api.spotify.com/v1/audio-analysis/1zSzJAosfqJugLx7mZl5xt,0
223,2004,Lose Yourself,Eminem,0.692,0.744,2,-4.565,1,0.257,0.00868,0.000423,0.359,0.0612,171.374,326467,4,spotify:track:5Z01UMMf7V1o0MzF86s6WJ,https://api.spotify.com/v1/tracks/5Z01UMMf7V1o0MzF86s6WJ,https://api.spotify.com/v1/audio-analysis/5Z01UMMf7V1o0MzF86s6WJ,0
224,2005,The Reason,Hoobastank,0.472,0.671,4,-4.649,1,0.029,0.0129,0.0,0.159,0.0681,82.952,232800,4,spotify:track:77loZpT5Y5PRP1S451P9Yz,https://api.spotify.com/v1/tracks/77loZpT5Y5PRP1S451P9Yz,https://api.spotify.com/v1/audio-analysis/77loZpT5Y5PRP1S451P9Yz,0
225,2005,Jesus Walks,Kanye West,0.637,0.834,3,-4.686,0,0.323,0.614,0.0,0.317,0.715,87.312,193733,4,spotify:track:5g1vtHqi9uV7xtYeCcFOBx,https://api.spotify.com/v1/tracks/5g1vtHqi9uV7xtYeCcFOBx,https://api.spotify.com/v1/audio-analysis/5g1vtHqi9uV7xtYeCcFOBx,0
226,2005,"""Daughters""",John Mayer,0.674,0.413,2,-7.816,1,0.0274,0.837,1.91e-05,0.098,0.503,124.895,237907,3,spotify:track:5FPnjikbwlDMULCCCa6ZCJ,https://api.spotify.com/v1/tracks/5FPnjikbwlDMULCCCa6ZCJ,https://api.spotify.com/v1/audio-analysis/5FPnjikbwlDMULCCCa6ZCJ,1
227,2005,If I Ain't Got You,Alicia Keys,0.609,0.445,7,-9.129,1,0.106,0.603,6.77e-06,0.104,0.166,118.393,228707,3,spotify:track:3XVBdLihbNbxUwZosxcGuJ,https://api.spotify.com/v1/tracks/3XVBdLihbNbxUwZosxcGuJ,https://api.spotify.com/v1/audio-analysis/3XVBdLihbNbxUwZosxcGuJ,0
228,2005,Live Like You Were Dying,Tim McGraw,0.416,0.546,7,-7.728,1,0.0297,0.492,0.0,0.0845,0.418,159.929,300333,4,spotify:track:7B1QliUMZv7gSTUGAfMRRD,https://api.spotify.com/v1/tracks/7B1QliUMZv7gSTUGAfMRRD,https://api.spotify.com/v1/audio-analysis/7B1QliUMZv7gSTUGAfMRRD,0
229,2006,We Belong Together,Mariah Carey,0.837,0.462,0,-7.89,1,0.0601,0.0339,0.0,0.09,0.762,139.986,201400,4,spotify:track:3LmvfNUQtglbTrydsdIqFU,https://api.spotify.com/v1/tracks/3LmvfNUQtglbTrydsdIqFU,https://api.spotify.com/v1/audio-analysis/3LmvfNUQtglbTrydsdIqFU,0
230,2006,Bless the Broken Road,Rascal Flatts,0.591,0.45,0,-6.369,1,0.0266,0.671,2.23e-05,0.159,0.344,135.893,226680,4,spotify:track:4YjjNHtEsTX6Af4mCTupT5,https://api.spotify.com/v1/tracks/4YjjNHtEsTX6Af4mCTupT5,https://api.spotify.com/v1/audio-analysis/4YjjNHtEsTX6Af4mCTupT5,0
231,2006,Ordinary People,John Legend,0.469,0.132,10,-14.001,1,0.0798,0.928,0.0,0.0873,0.36,66.989,281467,3,spotify:track:2ZA4uMlSZjaoWGFqP1tsLI,https://api.spotify.com/v1/tracks/2ZA4uMlSZjaoWGFqP1tsLI,https://api.spotify.com/v1/audio-analysis/2ZA4uMlSZjaoWGFqP1tsLI,0
232,2006,"""Sometimes You Can't Make It on Your Own""",U2,0.53,0.597,2,-5.652,1,0.0247,0.00275,0.473,0.105,0.346,96.0,305080,4,spotify:track:6fzcnVO0X2cpYjsHk19GJo,https://api.spotify.com/v1/tracks/6fzcnVO0X2cpYjsHk19GJo,https://api.spotify.com/v1/audio-analysis/6fzcnVO0X2cpYjsHk19GJo,1
233,2006,Devils & Dust,Bruce Springsteen,0.638,0.443,2,-6.86,1,0.0283,0.374,0.000483,0.547,0.556,111.079,298627,4,spotify:track:4YUSC63LMMUbaeLjcfT4Go,https://api.spotify.com/v1/tracks/4YUSC63LMMUbaeLjcfT4Go,https://api.spotify.com/v1/audio-analysis/4YUSC63LMMUbaeLjcfT4Go,0
234,2007,You're Beautiful,James Blunt,0.675,0.479,0,-9.87,0,0.0278,0.633,1.76e-05,0.088,0.454,81.998,209493,4,spotify:track:0vg4WnUWvze6pBOJDTq99k,https://api.spotify.com/v1/tracks/0vg4WnUWvze6pBOJDTq99k,https://api.spotify.com/v1/audio-analysis/0vg4WnUWvze6pBOJDTq99k,0
235,2007,Put Your Records On,Corinne Bailey Rae,0.739,0.511,9,-7.844,1,0.0362,0.167,1.34e-06,0.133,0.542,96.038,215360,4,spotify:track:2nGFzvICaeEWjIrBrL2RAx,https://api.spotify.com/v1/tracks/2nGFzvICaeEWjIrBrL2RAx,https://api.spotify.com/v1/audio-analysis/2nGFzvICaeEWjIrBrL2RAx,0
236,2007,"Jesus, Take the Wheel",Carrie Underwood,0.359,0.518,2,-3.537,1,0.0302,0.665,0.0,0.106,0.135,76.572,226493,4,spotify:track:3lec3CzDPAxsZokPph5w87,https://api.spotify.com/v1/tracks/3lec3CzDPAxsZokPph5w87,https://api.spotify.com/v1/audio-analysis/3lec3CzDPAxsZokPph5w87,0
237,2007,Be Without You,Mary J. Blige,0.724,0.705,2,-5.859,0,0.112,0.067,0.0,0.262,0.662,146.589,246333,4,spotify:track:2YegxR5As7BeQuVp2U6pek,https://api.spotify.com/v1/tracks/2YegxR5As7BeQuVp2U6pek,https://api.spotify.com/v1/audio-analysis/2YegxR5As7BeQuVp2U6pek,0
238,2007,"""Not Ready to Make Nice"" *",Dixie Chicks,0.425,0.554,6,-4.145,1,0.0298,0.134,8.56e-05,0.0963,0.288,83.917,237297,4,spotify:track:6LCEyZZHFF4ebF1Mike1s5,https://api.spotify.com/v1/tracks/6LCEyZZHFF4ebF1Mike1s5,https://api.spotify.com/v1/audio-analysis/6LCEyZZHFF4ebF1Mike1s5,1
239,2008,Like a Star,Corinne Bailey Rae,0.606,0.226,2,-10.617,0,0.0347,0.715,0.0001,0.35,0.142,122.711,243213,4,spotify:track:5Anh8jULgeUgciLHCR25Mk,https://api.spotify.com/v1/tracks/5Anh8jULgeUgciLHCR25Mk,https://api.spotify.com/v1/audio-analysis/5Anh8jULgeUgciLHCR25Mk,0
240,2008,Hey There Delilah,Plain White T's,0.656,0.291,2,-10.572,1,0.0293,0.872,0.0,0.114,0.298,103.971,232533,4,spotify:track:4RCWB3V8V0dignt99LZ8vH,https://api.spotify.com/v1/tracks/4RCWB3V8V0dignt99LZ8vH,https://api.spotify.com/v1/audio-analysis/4RCWB3V8V0dignt99LZ8vH,0
241,2008,Before He Cheats,Carrie Underwood,0.519,0.749,6,-3.318,0,0.0405,0.271,0.0,0.119,0.29,147.905,199947,4,spotify:track:0ZUo4YjG4saFnEJhdWp9Bt,https://api.spotify.com/v1/tracks/0ZUo4YjG4saFnEJhdWp9Bt,https://api.spotify.com/v1/audio-analysis/0ZUo4YjG4saFnEJhdWp9Bt,0
242,2008,"""Rehab"" *",Amy Winehouse,0.434,0.872,0,-2.974,1,0.0702,0.0473,1.83e-06,0.396,0.732,71.515,213760,4,spotify:track:1L5tZi0izXsi5Kk5OJf4W0,https://api.spotify.com/v1/tracks/1L5tZi0izXsi5Kk5OJf4W0,https://api.spotify.com/v1/audio-analysis/1L5tZi0izXsi5Kk5OJf4W0,1
243,2009,I'm Yours,Jason Mraz,0.686,0.457,11,-8.322,1,0.0468,0.595,0.0,0.105,0.718,150.953,242187,4,spotify:track:1EzrEOXmMH3G43AXT1y7pA,https://api.spotify.com/v1/tracks/1EzrEOXmMH3G43AXT1y7pA,https://api.spotify.com/v1/audio-analysis/1EzrEOXmMH3G43AXT1y7pA,0
244,2009,Chasing Pavements,Adele,0.616,0.47,5,-6.092,0,0.0253,0.291,0.0,0.111,0.325,80.03,210507,4,spotify:track:56pHllZT7QOacB0bP56ofx,https://api.spotify.com/v1/tracks/56pHllZT7QOacB0bP56ofx,https://api.spotify.com/v1/audio-analysis/56pHllZT7QOacB0bP56ofx,0
245,2009,American Boy,Estelle featuring Kanye West,0.877,0.497,0,-8.965,1,0.123,0.252,0.466,0.125,0.204,118.027,284751,4,spotify:track:3XB7WVeKBh3nJJT45v29ng,https://api.spotify.com/v1/tracks/3XB7WVeKBh3nJJT45v29ng,https://api.spotify.com/v1/audio-analysis/3XB7WVeKBh3nJJT45v29ng,0
246,2009,"""Viva la Vida""",Coldplay,0.486,0.617,5,-7.115,0,0.0287,0.0954,3.23e-06,0.109,0.417,138.015,242373,4,spotify:track:1mea3bSkSGXuIRvnydlB5b,https://api.spotify.com/v1/tracks/1mea3bSkSGXuIRvnydlB5b,https://api.spotify.com/v1/audio-analysis/1mea3bSkSGXuIRvnydlB5b,1
247,2009,Love Song,Sara Bareilles,0.583,0.786,2,-3.142,0,0.0301,0.0208,0.0,0.188,0.573,123.055,258827,4,spotify:track:4E6cwWJWZw2zWf7VFbH7wf,https://api.spotify.com/v1/tracks/4E6cwWJWZw2zWf7VFbH7wf,https://api.spotify.com/v1/audio-analysis/4E6cwWJWZw2zWf7VFbH7wf,0
248,2010,Pretty Wings,Maxwell,0.563,0.402,9,-10.496,1,0.0668,0.252,2.07e-06,0.0886,0.2,115.561,310520,4,spotify:track:22NLm3IIR9NLG0cUYtmHMW,https://api.spotify.com/v1/tracks/22NLm3IIR9NLG0cUYtmHMW,https://api.spotify.com/v1/audio-analysis/22NLm3IIR9NLG0cUYtmHMW,0
249,2010,Poker Face,Lady Gaga,0.851,0.818,4,-4.637,1,0.0789,0.112,2.94e-06,0.0945,0.808,119.006,238907,4,spotify:track:7qi1tQPGLZoR2n4WlDScKH,https://api.spotify.com/v1/tracks/7qi1tQPGLZoR2n4WlDScKH,https://api.spotify.com/v1/audio-analysis/7qi1tQPGLZoR2n4WlDScKH,0
250,2010,Use Somebody,Kings of Leon,0.276,0.715,0,-5.356,1,0.0432,0.00552,0.000417,0.201,0.173,137.028,230760,4,spotify:track:5VGlqQANWDKJFl0MBG3sg2,https://api.spotify.com/v1/tracks/5VGlqQANWDKJFl0MBG3sg2,https://api.spotify.com/v1/audio-analysis/5VGlqQANWDKJFl0MBG3sg2,0
251,2010,You Belong with Me,Taylor Swift,0.687,0.783,6,-4.44,1,0.0386,0.162,1.35e-05,0.114,0.443,129.964,231133,4,spotify:track:3GCL1PydwsLodcpv0Ll1ch,https://api.spotify.com/v1/tracks/3GCL1PydwsLodcpv0Ll1ch,https://api.spotify.com/v1/audio-analysis/3GCL1PydwsLodcpv0Ll1ch,0
252,2010,"""Single Ladies (Put a Ring on It)""",Beyoncé,0.426,0.584,1,-5.293,1,0.296,0.0383,0.0,0.188,0.272,193.437,193213,4,spotify:track:2ZBNclC5wm4GtiWaeh0DMx,https://api.spotify.com/v1/tracks/2ZBNclC5wm4GtiWaeh0DMx,https://api.spotify.com/v1/audio-analysis/2ZBNclC5wm4GtiWaeh0DMx,1
253,2011,"""Need You Now"" *",Lady Antebellum,0.587,0.622,4,-5.535,1,0.0303,0.0927,0.000636,0.2,0.231,107.943,277573,4,spotify:track:11EX5yhxr9Ihl3IN1asrfK,https://api.spotify.com/v1/tracks/11EX5yhxr9Ihl3IN1asrfK,https://api.spotify.com/v1/audio-analysis/11EX5yhxr9Ihl3IN1asrfK,1
254,2011,Beg Steal Or Borrow,Ray LaMontagne and The Pariah Dogs,0.472,0.55,6,-8.517,1,0.0281,0.462,0.000561,0.172,0.395,148.097,272667,4,spotify:track:7fMYBrlKl9mkcMTUGT4j6l,https://api.spotify.com/v1/tracks/7fMYBrlKl9mkcMTUGT4j6l,https://api.spotify.com/v1/audio-analysis/7fMYBrlKl9mkcMTUGT4j6l,0
255,2011,F**k You,Cee Lo Green,0.741,0.729,0,-8.253,1,0.0365,0.13,3.34e-06,0.0892,0.833,127.43,229214,4,spotify:track:7yfQbBqAk7bPrjfjTSIRT3,https://api.spotify.com/v1/tracks/7yfQbBqAk7bPrjfjTSIRT3,https://api.spotify.com/v1/audio-analysis/7yfQbBqAk7bPrjfjTSIRT3,0
256,2011,The House That Built Me,Miranda Lambert,0.515,0.3,5,-8.005,1,0.0289,0.575,8.46e-06,0.115,0.206,81.12,236627,4,spotify:track:02eD9ymfJOJOhM97HYp5R9,https://api.spotify.com/v1/tracks/02eD9ymfJOJOhM97HYp5R9,https://api.spotify.com/v1/audio-analysis/02eD9ymfJOJOhM97HYp5R9,0
257,2011,Love the Way You Lie,Eminem featuring Rihanna,0.576,0.521,7,-12.748,0,0.0392,0.244,0.853,0.294,0.772,173.982,271040,4,spotify:track:1oHSFSaUdIHXTCE8GO0W9N,https://api.spotify.com/v1/tracks/1oHSFSaUdIHXTCE8GO0W9N,https://api.spotify.com/v1/audio-analysis/1oHSFSaUdIHXTCE8GO0W9N,0
258,2012,The Cave,Mumford & Sons,0.595,0.506,4,-9.682,1,0.0388,0.0464,0.000138,0.107,0.346,141.981,217987,4,spotify:track:7IxVWmdabNVhfLBV3JD0nJ,https://api.spotify.com/v1/tracks/7IxVWmdabNVhfLBV3JD0nJ,https://api.spotify.com/v1/audio-analysis/7IxVWmdabNVhfLBV3JD0nJ,0
259,2012,Holocene,Bon Iver,0.375,0.304,1,-14.52,1,0.0302,0.943,0.303,0.126,0.147,147.989,336613,4,spotify:track:4fbvXwMTXPWaFyaMWUm9CR,https://api.spotify.com/v1/tracks/4fbvXwMTXPWaFyaMWUm9CR,https://api.spotify.com/v1/audio-analysis/4fbvXwMTXPWaFyaMWUm9CR,0
260,2012,Grenade,Bruno Mars,0.706,0.558,2,-7.237,0,0.0593,0.146,0.0,0.118,0.227,110.443,223253,4,spotify:track:2tJulUYLDKOg9XrtVkMgcJ,https://api.spotify.com/v1/tracks/2tJulUYLDKOg9XrtVkMgcJ,https://api.spotify.com/v1/audio-analysis/2tJulUYLDKOg9XrtVkMgcJ,0
261,2012,"""Rolling in the Deep"" *",Adele,0.73,0.769,8,-5.114,1,0.0298,0.138,0.0,0.0473,0.507,104.948,228093,4,spotify:track:1c8gk2PeTE04A1pIDH9YMk,https://api.spotify.com/v1/tracks/1c8gk2PeTE04A1pIDH9YMk,https://api.spotify.com/v1/audio-analysis/1c8gk2PeTE04A1pIDH9YMk,1
262,2013,The A Team,Ed Sheeran,0.642,0.289,9,-9.918,1,0.0367,0.669,0.0,0.18,0.407,84.996,258373,4,spotify:track:1VdZ0vKfR5jneCmWIUAMxK,https://api.spotify.com/v1/tracks/1VdZ0vKfR5jneCmWIUAMxK,https://api.spotify.com/v1/audio-analysis/1VdZ0vKfR5jneCmWIUAMxK,0
263,2013,Adorn,Miguel,0.625,0.576,11,-5.693,0,0.175,0.0543,4.07e-05,0.187,0.235,179.063,193147,4,spotify:track:25cUhiAod71TIQSNicOaW3,https://api.spotify.com/v1/tracks/25cUhiAod71TIQSNicOaW3,https://api.spotify.com/v1/audio-analysis/25cUhiAod71TIQSNicOaW3,0
264,2013,Call Me Maybe,Carly Rae Jepsen,0.783,0.58,7,-6.548,1,0.0408,0.0114,2.28e-06,0.108,0.66,120.021,193400,4,spotify:track:3TGRqZ0a2l1LRblBkJoaDx,https://api.spotify.com/v1/tracks/3TGRqZ0a2l1LRblBkJoaDx,https://api.spotify.com/v1/audio-analysis/3TGRqZ0a2l1LRblBkJoaDx,0
265,2013,Stronger (What Doesn't Kill You),Kelly Clarkson,0.562,0.939,0,-4.282,1,0.0475,0.046,0.0,0.112,0.684,116.044,221947,4,spotify:track:6D60klaHqbCl9ySc8VcRss,https://api.spotify.com/v1/tracks/6D60klaHqbCl9ySc8VcRss,https://api.spotify.com/v1/audio-analysis/6D60klaHqbCl9ySc8VcRss,0
266,2014,"""Royals""",Lorde,0.674,0.428,7,-9.504,1,0.122,0.121,0.0,0.132,0.337,84.878,190185,4,spotify:track:2dLLR6qlu5UJ5gk0dKz0h3,https://api.spotify.com/v1/tracks/2dLLR6qlu5UJ5gk0dKz0h3,https://api.spotify.com/v1/audio-analysis/2dLLR6qlu5UJ5gk0dKz0h3,1
267,2014,Roar,Katy Perry,0.554,0.772,7,-4.821,0,0.0418,0.00487,6.6e-06,0.354,0.455,179.984,223546,4,spotify:track:6F5c58TMEs1byxUstkzVeM,https://api.spotify.com/v1/tracks/6F5c58TMEs1byxUstkzVeM,https://api.spotify.com/v1/audio-analysis/6F5c58TMEs1byxUstkzVeM,0
268,2014,Locked Out of Heaven,Bruno Mars,0.726,0.698,5,-4.165,1,0.0431,0.049,0.0,0.309,0.867,143.994,233478,4,spotify:track:3w3y8KPTfNeOKPiqUTakBh,https://api.spotify.com/v1/tracks/3w3y8KPTfNeOKPiqUTakBh,https://api.spotify.com/v1/audio-analysis/3w3y8KPTfNeOKPiqUTakBh,0
269,2015,All About That Bass,Meghan Trainor,0.807,0.887,9,-3.726,1,0.0503,0.0573,2.87e-06,0.124,0.961,134.052,187920,4,spotify:track:5jE48hhRu8E6zBDPRSkEq7,https://api.spotify.com/v1/tracks/5jE48hhRu8E6zBDPRSkEq7,https://api.spotify.com/v1/audio-analysis/5jE48hhRu8E6zBDPRSkEq7,0
270,2015,Shake It Off,Taylor Swift,0.648,0.785,7,-5.414,1,0.165,0.0561,0.0,0.148,0.943,160.02,219200,4,spotify:track:5xTtaWoae3wi06K5WfVUUH,https://api.spotify.com/v1/tracks/5xTtaWoae3wi06K5WfVUUH,https://api.spotify.com/v1/audio-analysis/5xTtaWoae3wi06K5WfVUUH,0
271,2015,Take Me to Church,Hozier,0.566,0.664,4,-5.303,0,0.0464,0.634,0.0,0.116,0.437,128.945,241693,4,spotify:track:1CS7Sd1u5tWkstBhpssyjP,https://api.spotify.com/v1/tracks/1CS7Sd1u5tWkstBhpssyjP,https://api.spotify.com/v1/audio-analysis/1CS7Sd1u5tWkstBhpssyjP,0
272,2015,Chandelier,Sia,0.399,0.787,1,-2.88,1,0.0499,0.0197,6.07e-05,0.0685,0.572,117.089,216120,5,spotify:track:2s1sdSqGcKxpPr5lCl7jAV,https://api.spotify.com/v1/tracks/2s1sdSqGcKxpPr5lCl7jAV,https://api.spotify.com/v1/audio-analysis/2s1sdSqGcKxpPr5lCl7jAV,0
273,2015,"""Stay with Me"" *",Sam Smith,0.418,0.42,0,-6.444,1,0.0414,0.588,6.39e-05,0.11,0.184,84.094,172724,4,spotify:track:5Nm9ERjJZ5oyfXZTECKmRt,https://api.spotify.com/v1/tracks/5Nm9ERjJZ5oyfXZTECKmRt,https://api.spotify.com/v1/audio-analysis/5Nm9ERjJZ5oyfXZTECKmRt,1
274,2016,Girl Crush,Little Big Town,0.5,0.225,0,-10.22,1,0.0302,0.842,0.0,0.112,0.355,173.788,193320,3,spotify:track:11qh54D0PKkBwelpDxxiEU,https://api.spotify.com/v1/tracks/11qh54D0PKkBwelpDxxiEU,https://api.spotify.com/v1/audio-analysis/11qh54D0PKkBwelpDxxiEU,0
275,2016,"""Thinking Out Loud""",Ed Sheeran,0.781,0.445,2,-6.061,1,0.0295,0.474,0.0,0.184,0.591,78.998,281560,4,spotify:track:34gCuhDGsG4bRPIf9bb02f,https://api.spotify.com/v1/tracks/34gCuhDGsG4bRPIf9bb02f,https://api.spotify.com/v1/audio-analysis/34gCuhDGsG4bRPIf9bb02f,1
276,2016,See You Again,Wiz Khalifa featuring Charlie Puth,0.733,0.638,10,-7.831,1,0.0592,0.445,1.96e-05,0.0925,0.429,80.001,264000,4,spotify:track:4JZ9NUioOgDEVjDuBGukRV,https://api.spotify.com/v1/tracks/4JZ9NUioOgDEVjDuBGukRV,https://api.spotify.com/v1/audio-analysis/4JZ9NUioOgDEVjDuBGukRV,0
277,2016,Alright,Kendrick Lamar,0.796,0.766,7,-5.974,1,0.238,0.0742,0.0,0.0827,0.558,110.034,219333,4,spotify:track:3iVcZ5G6tvkXZkZKlMpIUs,https://api.spotify.com/v1/tracks/3iVcZ5G6tvkXZkZKlMpIUs,https://api.spotify.com/v1/audio-analysis/3iVcZ5G6tvkXZkZKlMpIUs,0
278,2016,Blank Space,Taylor Swift,0.752,0.678,5,-5.421,1,0.0646,0.085,1.64e-06,0.13,0.583,96.009,231827,4,spotify:track:1p80LdxRV74UKvL8gnD7ky,https://api.spotify.com/v1/tracks/1p80LdxRV74UKvL8gnD7ky,https://api.spotify.com/v1/audio-analysis/1p80LdxRV74UKvL8gnD7ky,0
279,2017,7 Years,Lukas Graham,0.765,0.473,10,-5.829,1,0.0514,0.287,0.0,0.391,0.34,119.992,237300,4,spotify:track:5kqIPrATaCc2LqxVWzQGbk,https://api.spotify.com/v1/tracks/5kqIPrATaCc2LqxVWzQGbk,https://api.spotify.com/v1/audio-analysis/5kqIPrATaCc2LqxVWzQGbk,0
280,2017,Love Yourself,Justin Bieber,0.759,0.401,4,-8.999,1,0.259,0.86,0.0,0.299,0.576,100.126,232627,4,spotify:track:40UtJ09LrNKVzFvYCZQMi7,https://api.spotify.com/v1/tracks/40UtJ09LrNKVzFvYCZQMi7,https://api.spotify.com/v1/audio-analysis/40UtJ09LrNKVzFvYCZQMi7,0
281,2017,I Took a Pill in Ibiza,Mike Posner,0.664,0.714,7,-6.645,0,0.111,0.0353,8.42e-06,0.0843,0.71,101.969,197933,4,spotify:track:1MtUq6Wp1eQ8PC6BbPCj8P,https://api.spotify.com/v1/tracks/1MtUq6Wp1eQ8PC6BbPCj8P,https://api.spotify.com/v1/audio-analysis/1MtUq6Wp1eQ8PC6BbPCj8P,0
282,2017,Formation,Beyoncé,0.896,0.621,5,-6.857,0,0.237,0.00532,0.0,0.196,0.818,121.966,206080,4,spotify:track:6g0Orsxv6glTJCt4cHsRsQ,https://api.spotify.com/v1/tracks/6g0Orsxv6glTJCt4cHsRsQ,https://api.spotify.com/v1/audio-analysis/6g0Orsxv6glTJCt4cHsRsQ,0
283,2017,"""Hello"" *",Adele,0.578,0.43,5,-6.134,0,0.0305,0.33,0.0,0.0854,0.288,78.991,295502,4,spotify:track:62PaSfnXSMyLshYJrlTuL3,https://api.spotify.com/v1/tracks/62PaSfnXSMyLshYJrlTuL3,https://api.spotify.com/v1/audio-analysis/62PaSfnXSMyLshYJrlTuL3,1
284,2018,"""That's What I Like""",Bruno Mars,0.853,0.56,1,-4.961,1,0.0406,0.013,0.0,0.0944,0.86,134.066,206693,4,spotify:track:0KKkJNfGyhkQ5aFogxQAPU,https://api.spotify.com/v1/tracks/0KKkJNfGyhkQ5aFogxQAPU,https://api.spotify.com/v1/audio-analysis/0KKkJNfGyhkQ5aFogxQAPU,1
285,2018,Despacito,Luis Fonsi & Daddy Yankee ft. Justin Bieber,0.723,0.467,11,-9.697,0,0.101,0.0277,0.211,0.322,0.378,178.026,229197,4,spotify:track:4S6sMrZYilvZ2Y2JcuP2LR,https://api.spotify.com/v1/tracks/4S6sMrZYilvZ2Y2JcuP2LR,https://api.spotify.com/v1/audio-analysis/4S6sMrZYilvZ2Y2JcuP2LR,0
286,2018,4:44,Jay-Z,0.261,0.852,9,-4.965,1,0.158,0.139,4.26e-05,0.477,0.431,177.997,284493,4,spotify:track:1gT5TGwbkkkUliNzHRIGi1,https://api.spotify.com/v1/tracks/1gT5TGwbkkkUliNzHRIGi1,https://api.spotify.com/v1/audio-analysis/1gT5TGwbkkkUliNzHRIGi1,0
287,2018,Issues,Julia Michaels,0.728,0.415,8,-6.852,1,0.0639,0.401,0.0,0.0616,0.455,114.145,176320,4,spotify:track:7vu0JkJh0ldukEYbTVcqd0,https://api.spotify.com/v1/tracks/7vu0JkJh0ldukEYbTVcqd0,https://api.spotify.com/v1/audio-analysis/7vu0JkJh0ldukEYbTVcqd0,0
288,2018,1-800-273-8255,Logic ft. Alessia Cara & Khalid,0.638,0.492,5,-10.889,0,0.0393,0.782,5.71e-06,0.109,0.258,99.995,252947,4,spotify:track:5Ilb32tcBIVPapiIk25p7F,https://api.spotify.com/v1/tracks/5Ilb32tcBIVPapiIk25p7F,https://api.spotify.com/v1/audio-analysis/5Ilb32tcBIVPapiIk25p7F,0
289,2019,All the Stars,Kendrick Lamar & SZA,0.698,0.633,8,-4.946,1,0.0597,0.0605,0.000194,0.0926,0.552,96.924,232187,4,spotify:track:3GCdLUSnKSMJhs4Tj6CV3s,https://api.spotify.com/v1/tracks/3GCdLUSnKSMJhs4Tj6CV3s,https://api.spotify.com/v1/audio-analysis/3GCdLUSnKSMJhs4Tj6CV3s,0
290,2019,Boo'd Up,Ella Mai,0.561,0.779,10,-5.107,0,0.0531,0.0862,0.0,0.078,0.235,81.965,256064,4,spotify:track:0At2qAoaVjIwWNAqrscXli,https://api.spotify.com/v1/tracks/0At2qAoaVjIwWNAqrscXli,https://api.spotify.com/v1/audio-analysis/0At2qAoaVjIwWNAqrscXli,0
291,2019,God's Plan,Drake,0.754,0.449,7,-9.211,1,0.109,0.0332,8.29e-05,0.552,0.357,77.169,198973,4,spotify:track:6DCZcSspjsKoFjzjrWoCdn,https://api.spotify.com/v1/tracks/6DCZcSspjsKoFjzjrWoCdn,https://api.spotify.com/v1/audio-analysis/6DCZcSspjsKoFjzjrWoCdn,0
292,2019,"""This Is America"" *",Childish Gambino,0.854,0.463,5,-6.159,1,0.137,0.117,0.0,0.354,0.549,120.024,225773,4,spotify:track:0b9oOr2ZgvyQu88wzixux9,https://api.spotify.com/v1/tracks/0b9oOr2ZgvyQu88wzixux9,https://api.spotify.com/v1/audio-analysis/0b9oOr2ZgvyQu88wzixux9,1
293,2019,The Middle,"Zedd, Maren Morris & Grey",0.753,0.657,7,-3.061,1,0.0449,0.171,0.0,0.112,0.437,107.01,184732,4,spotify:track:09IStsImFySgyp0pIQdqAc,https://api.spotify.com/v1/tracks/09IStsImFySgyp0pIQdqAc,https://api.spotify.com/v1/audio-analysis/09IStsImFySgyp0pIQdqAc,0
294,2019,In My Blood,Shawn Mendes,0.622,0.712,5,-7.321,1,0.066,0.0573,0.0,0.13,0.487,140.025,211360,4,spotify:track:2QZ7WLBE8h2y1Y5Fb8RYbH,https://api.spotify.com/v1/tracks/2QZ7WLBE8h2y1Y5Fb8RYbH,https://api.spotify.com/v1/audio-analysis/2QZ7WLBE8h2y1Y5Fb8RYbH,0
295,2019,Shallow,Lady Gaga & Bradley Cooper,0.605,0.217,7,-13.008,1,0.0314,0.621,3.75e-06,0.0924,0.169,95.884,218411,4,spotify:track:4cdfzw5XZc85qVz6GZMC9O,https://api.spotify.com/v1/tracks/4cdfzw5XZc85qVz6GZMC9O,https://api.spotify.com/v1/audio-analysis/4cdfzw5XZc85qVz6GZMC9O,0
296,2019,The Joke,Brandi Carlile,0.236,0.578,7,-5.477,1,0.0404,0.327,0.00015,0.206,0.227,75.367,279373,4,spotify:track:18k8IlS52uxRWObykDUZFG,https://api.spotify.com/v1/tracks/18k8IlS52uxRWObykDUZFG,https://api.spotify.com/v1/audio-analysis/18k8IlS52uxRWObykDUZFG,0
297,2020,Norman Fucking Rockwell,Lana Del Rey,0.218,0.215,5,-12.49,1,0.0368,0.967,0.0847,0.0948,0.138,76.74,248934,1,spotify:track:3RIgHHpnFKj5Rni1shokDj,https://api.spotify.com/v1/tracks/3RIgHHpnFKj5Rni1shokDj,https://api.spotify.com/v1/audio-analysis/3RIgHHpnFKj5Rni1shokDj,0
298,2020,Truth Hurts,Lizzo,0.715,0.624,4,-3.046,0,0.114,0.11,0.0,0.123,0.412,158.087,173325,4,spotify:track:3HWzoMvoF3TQfYg4UPszDq,https://api.spotify.com/v1/tracks/3HWzoMvoF3TQfYg4UPszDq,https://api.spotify.com/v1/audio-analysis/3HWzoMvoF3TQfYg4UPszDq,0
299,2020,Lover,Taylor Swift,0.359,0.543,7,-7.582,1,0.0919,0.492,1.58e-05,0.118,0.453,68.534,221307,4,spotify:track:1dGr1c8CrMLDpV6mPbImSI,https://api.spotify.com/v1/tracks/1dGr1c8CrMLDpV6mPbImSI,https://api.spotify.com/v1/audio-analysis/1dGr1c8CrMLDpV6mPbImSI,0
300,2020,"""Bad Guy"" *",Billie Eilish,0.701,0.425,7,-10.965,1,0.375,0.328,0.13,0.1,0.562,135.128,194088,4,spotify:track:2Fxmhks0bxGSBdJ92vM42m,https://api.spotify.com/v1/tracks/2Fxmhks0bxGSBdJ92vM42m,https://api.spotify.com/v1/audio-analysis/2Fxmhks0bxGSBdJ92vM42m,1
301,2020,Bring My Flowers Now,Tanya Tucker,0.557,0.198,4,-9.911,1,0.0461,0.948,8.79e-06,0.217,0.336,133.823,260360,4,spotify:track:7nx130yomv3fvvFD0fcGOG,https://api.spotify.com/v1/tracks/7nx130yomv3fvvFD0fcGOG,https://api.spotify.com/v1/audio-analysis/7nx130yomv3fvvFD0fcGOG,0
302,2020,Always Remember Us This Way,Lady Gaga,0.553,0.502,0,-5.972,1,0.0409,0.299,0.0,0.764,0.296,129.976,210200,4,spotify:track:2rbDhOo9Fh61Bbu23T2qCk,https://api.spotify.com/v1/tracks/2rbDhOo9Fh61Bbu23T2qCk,https://api.spotify.com/v1/audio-analysis/2rbDhOo9Fh61Bbu23T2qCk,0
303,2020,Hard Place,H.E.R.,0.614,0.719,9,-4.694,1,0.0955,0.179,1.72e-05,0.163,0.34,160.075,271733,4,spotify:track:4IablJ6SqVNGY4vrseyKxu,https://api.spotify.com/v1/tracks/4IablJ6SqVNGY4vrseyKxu,https://api.spotify.com/v1/audio-analysis/4IablJ6SqVNGY4vrseyKxu,0
304,2021,I Can't Breathe,H.E.R.,0.703,0.705,1,-6.676,0,0.34,0.135,1.97e-06,0.0611,0.601,138.227,287322,4,spotify:track:4CPszpSnlbgnQLIQYyzIR2,https://api.spotify.com/v1/tracks/4CPszpSnlbgnQLIQYyzIR2,https://api.spotify.com/v1/audio-analysis/4CPszpSnlbgnQLIQYyzIR2,0
305,2021,Black Parade,Beyoncé,0.824,0.555,1,-5.817,1,0.05,0.00337,6.42e-06,0.217,0.0611,120.002,281273,4,spotify:track:2qzUpSVI4NnPyWxbXwumTj,https://api.spotify.com/v1/tracks/2qzUpSVI4NnPyWxbXwumTj,https://api.spotify.com/v1/audio-analysis/2qzUpSVI4NnPyWxbXwumTj,0
306,2021,The Box,Roddy Ricch,0.896,0.586,10,-6.687,0,0.0559,0.104,0.0,0.79,0.642,116.971,196653,4,spotify:track:0nbXyq5TXYPCO7pr3N8S4I,https://api.spotify.com/v1/tracks/0nbXyq5TXYPCO7pr3N8S4I,https://api.spotify.com/v1/audio-analysis/0nbXyq5TXYPCO7pr3N8S4I,0
307,2021,Cardigan,Taylor Swift,0.613,0.581,0,-8.588,0,0.0424,0.537,0.000345,0.25,0.551,130.033,239560,4,spotify:track:4R2kfaDFhslZEMJqAFNpdd,https://api.spotify.com/v1/tracks/4R2kfaDFhslZEMJqAFNpdd,https://api.spotify.com/v1/audio-analysis/4R2kfaDFhslZEMJqAFNpdd,0
308,2021,Circles ,Post Malone,0.695,0.762,0,-3.497,1,0.0395,0.192,0.00244,0.0863,0.553,120.042,215280,4,spotify:track:21jGcNKet2qwijlDFuPiPb,https://api.spotify.com/v1/tracks/21jGcNKet2qwijlDFuPiPb,https://api.spotify.com/v1/audio-analysis/21jGcNKet2qwijlDFuPiPb,0
309,2021,Don't Start Now,Dua Lipa,0.794,0.793,11,-4.521,0,0.0842,0.0125,0.0,0.0952,0.677,123.941,183290,4,spotify:track:6WrI0LAC5M1Rw2MnX2ZvEg,https://api.spotify.com/v1/tracks/6WrI0LAC5M1Rw2MnX2ZvEg,https://api.spotify.com/v1/audio-analysis/6WrI0LAC5M1Rw2MnX2ZvEg,0
310,2021,Everything I Wanted,Billie Eilish,0.704,0.225,6,-14.454,0,0.0994,0.902,0.657,0.106,0.243,120.006,245426,4,spotify:track:3ZCTVFBt2Brf31RLEnCkWJ,https://api.spotify.com/v1/tracks/3ZCTVFBt2Brf31RLEnCkWJ,https://api.spotify.com/v1/audio-analysis/3ZCTVFBt2Brf31RLEnCkWJ,0
311,2021,If the World Was Ending,JP Saxe featuring Julia Michaels,0.464,0.473,1,-10.086,1,0.129,0.866,0.0,0.109,0.604,75.801,208687,4,spotify:track:2kJwzbxV2ppxnQoYw4GLBZ,https://api.spotify.com/v1/tracks/2kJwzbxV2ppxnQoYw4GLBZ,https://api.spotify.com/v1/audio-analysis/2kJwzbxV2ppxnQoYw4GLBZ,0
